

INSERT INTO "public".bloki( id_bloku, nazwa, liczba_pieter, plec ) VALUES ( 1, 'A', 3, 'M');
INSERT INTO "public".bloki( id_bloku, nazwa, liczba_pieter, plec ) VALUES ( 2, 'B', 3, 'K');
INSERT INTO "public".bloki( id_bloku, nazwa, liczba_pieter, plec ) VALUES ( 3, 'C', 2, 'K');
INSERT INTO "public".bloki( id_bloku, nazwa, liczba_pieter, plec ) VALUES ( 4, 'D', 3, 'M');
INSERT INTO "public".bloki( id_bloku, nazwa, liczba_pieter, plec ) VALUES ( 5, 'E', 1, 'M');

INSERT INTO "public".cele( nr_celi, blok, pietro, limit_os ) VALUES ( 1, 1, 0, 3);
INSERT INTO "public".cele( nr_celi, blok, pietro, limit_os ) VALUES ( 2, 1, 0, 3);
INSERT INTO "public".cele( nr_celi, blok, pietro, limit_os ) VALUES ( 3, 1, 0, 3);
INSERT INTO "public".cele( nr_celi, blok, pietro, limit_os ) VALUES ( 4, 1, 0, 3);
INSERT INTO "public".cele( nr_celi, blok, pietro, limit_os ) VALUES ( 5, 1, 0, 3);
INSERT INTO "public".cele( nr_celi, blok, pietro, limit_os ) VALUES ( 6, 1, 0, 3);
INSERT INTO "public".cele( nr_celi, blok, pietro, limit_os ) VALUES ( 7, 1, 1, 3);
INSERT INTO "public".cele( nr_celi, blok, pietro, limit_os ) VALUES ( 8, 1, 1, 3);
INSERT INTO "public".cele( nr_celi, blok, pietro, limit_os ) VALUES ( 9, 1, 1, 3);
INSERT INTO "public".cele( nr_celi, blok, pietro, limit_os ) VALUES ( 10, 1, 1, 3);
INSERT INTO "public".cele( nr_celi, blok, pietro, limit_os ) VALUES ( 11, 1, 1, 3);
INSERT INTO "public".cele( nr_celi, blok, pietro, limit_os ) VALUES ( 12, 1, 1, 3);
INSERT INTO "public".cele( nr_celi, blok, pietro, limit_os ) VALUES ( 13, 2, 0, 4);
INSERT INTO "public".cele( nr_celi, blok, pietro, limit_os ) VALUES ( 14, 2, 0, 4);
INSERT INTO "public".cele( nr_celi, blok, pietro, limit_os ) VALUES ( 15, 2, 0, 4);
INSERT INTO "public".cele( nr_celi, blok, pietro, limit_os ) VALUES ( 16, 2, 0, 4);
INSERT INTO "public".cele( nr_celi, blok, pietro, limit_os ) VALUES ( 17, 2, 0, 4);
INSERT INTO "public".cele( nr_celi, blok, pietro, limit_os ) VALUES ( 18, 2, 0, 4);
INSERT INTO "public".cele( nr_celi, blok, pietro, limit_os ) VALUES ( 19, 2, 1, 4);
INSERT INTO "public".cele( nr_celi, blok, pietro, limit_os ) VALUES ( 20, 2, 1, 4);
INSERT INTO "public".cele( nr_celi, blok, pietro, limit_os ) VALUES ( 21, 2, 1, 4);
INSERT INTO "public".cele( nr_celi, blok, pietro, limit_os ) VALUES ( 22, 2, 1, 4);
INSERT INTO "public".cele( nr_celi, blok, pietro, limit_os ) VALUES ( 23, 2, 1, 4);
INSERT INTO "public".cele( nr_celi, blok, pietro, limit_os ) VALUES ( 24, 2, 1, 4);
INSERT INTO "public".cele( nr_celi, blok, pietro, limit_os ) VALUES ( 25, 2, 2, 5);
INSERT INTO "public".cele( nr_celi, blok, pietro, limit_os ) VALUES ( 26, 2, 2, 5);
INSERT INTO "public".cele( nr_celi, blok, pietro, limit_os ) VALUES ( 27, 2, 2, 5);
INSERT INTO "public".cele( nr_celi, blok, pietro, limit_os ) VALUES ( 28, 2, 2, 5);
INSERT INTO "public".cele( nr_celi, blok, pietro, limit_os ) VALUES ( 29, 3, 0, 2);
INSERT INTO "public".cele( nr_celi, blok, pietro, limit_os ) VALUES ( 30, 3, 0, 2);
INSERT INTO "public".cele( nr_celi, blok, pietro, limit_os ) VALUES ( 31, 3, 0, 2);
INSERT INTO "public".cele( nr_celi, blok, pietro, limit_os ) VALUES ( 32, 3, 0, 2);
INSERT INTO "public".cele( nr_celi, blok, pietro, limit_os ) VALUES ( 33, 3, 0, 2);
INSERT INTO "public".cele( nr_celi, blok, pietro, limit_os ) VALUES ( 34, 3, 0, 2);
INSERT INTO "public".cele( nr_celi, blok, pietro, limit_os ) VALUES ( 35, 3, 0, 2);
INSERT INTO "public".cele( nr_celi, blok, pietro, limit_os ) VALUES ( 36, 3, 0, 2);
INSERT INTO "public".cele( nr_celi, blok, pietro, limit_os ) VALUES ( 37, 3, 0, 2);
INSERT INTO "public".cele( nr_celi, blok, pietro, limit_os ) VALUES ( 38, 3, 0, 2);
INSERT INTO "public".cele( nr_celi, blok, pietro, limit_os ) VALUES ( 39, 3, 0, 2);
INSERT INTO "public".cele( nr_celi, blok, pietro, limit_os ) VALUES ( 40, 3, 0, 2);
INSERT INTO "public".cele( nr_celi, blok, pietro, limit_os ) VALUES ( 41, 3, 1, 2);
INSERT INTO "public".cele( nr_celi, blok, pietro, limit_os ) VALUES ( 42, 3, 1, 2);
INSERT INTO "public".cele( nr_celi, blok, pietro, limit_os ) VALUES ( 43, 3, 1, 2);
INSERT INTO "public".cele( nr_celi, blok, pietro, limit_os ) VALUES ( 44, 3, 1, 2);
INSERT INTO "public".cele( nr_celi, blok, pietro, limit_os ) VALUES ( 45, 3, 1, 2);
INSERT INTO "public".cele( nr_celi, blok, pietro, limit_os ) VALUES ( 46, 3, 1, 2);
INSERT INTO "public".cele( nr_celi, blok, pietro, limit_os ) VALUES ( 47, 3, 1, 2);
INSERT INTO "public".cele( nr_celi, blok, pietro, limit_os ) VALUES ( 48, 3, 1, 2);
INSERT INTO "public".cele( nr_celi, blok, pietro, limit_os ) VALUES ( 49, 3, 1, 2);
INSERT INTO "public".cele( nr_celi, blok, pietro, limit_os ) VALUES ( 50, 3, 1, 2);
INSERT INTO "public".cele( nr_celi, blok, pietro, limit_os ) VALUES ( 51, 3, 1, 2);
INSERT INTO "public".cele( nr_celi, blok, pietro, limit_os ) VALUES ( 52, 3, 1, 2);
INSERT INTO "public".cele( nr_celi, blok, pietro, limit_os ) VALUES ( 53, 5, 0, 1);
INSERT INTO "public".cele( nr_celi, blok, pietro, limit_os ) VALUES ( 54, 5, 0, 1);
INSERT INTO "public".cele( nr_celi, blok, pietro, limit_os ) VALUES ( 55, 5, 0, 1);
INSERT INTO "public".cele( nr_celi, blok, pietro, limit_os ) VALUES ( 56, 5, 0, 1);
INSERT INTO "public".cele( nr_celi, blok, pietro, limit_os ) VALUES ( 57, 5, 0, 1);
INSERT INTO "public".cele( nr_celi, blok, pietro, limit_os ) VALUES ( 58, 5, 0, 1);
INSERT INTO "public".cele( nr_celi, blok, pietro, limit_os ) VALUES ( 59, 5, 0, 1);
INSERT INTO "public".cele( nr_celi, blok, pietro, limit_os ) VALUES ( 60, 5, 0, 1);
INSERT INTO "public".cele( nr_celi, blok, pietro, limit_os ) VALUES ( 61, 5, 0, 1);
INSERT INTO "public".cele( nr_celi, blok, pietro, limit_os ) VALUES ( 62, 5, 0, 1);
INSERT INTO "public".cele( nr_celi, blok, pietro, limit_os ) VALUES ( 63, 1, 0, 3);
INSERT INTO "public".cele( nr_celi, blok, pietro, limit_os ) VALUES ( 64, 1, 0, 3);
INSERT INTO "public".cele( nr_celi, blok, pietro, limit_os ) VALUES ( 65, 1, 0, 3);
INSERT INTO "public".cele( nr_celi, blok, pietro, limit_os ) VALUES ( 66, 1, 0, 3);
INSERT INTO "public".cele( nr_celi, blok, pietro, limit_os ) VALUES ( 67, 1, 0, 3);
INSERT INTO "public".cele( nr_celi, blok, pietro, limit_os ) VALUES ( 68, 1, 0, 3);
INSERT INTO "public".cele( nr_celi, blok, pietro, limit_os ) VALUES ( 69, 2, 2, 5);
INSERT INTO "public".cele( nr_celi, blok, pietro, limit_os ) VALUES ( 70, 2, 2, 5);
INSERT INTO "public".cele( nr_celi, blok, pietro, limit_os ) VALUES ( 71, 2, 2, 20);
INSERT INTO "public".cele( nr_celi, blok, pietro, limit_os ) VALUES ( 72, 2, 2, 20);
INSERT INTO "public".cele( nr_celi, blok, pietro, limit_os ) VALUES ( 73, 4, 0, 4);
INSERT INTO "public".cele( nr_celi, blok, pietro, limit_os ) VALUES ( 74, 4, 0, 4);
INSERT INTO "public".cele( nr_celi, blok, pietro, limit_os ) VALUES ( 75, 4, 0, 4);
INSERT INTO "public".cele( nr_celi, blok, pietro, limit_os ) VALUES ( 76, 4, 0, 4);
INSERT INTO "public".cele( nr_celi, blok, pietro, limit_os ) VALUES ( 77, 4, 0, 4);
INSERT INTO "public".cele( nr_celi, blok, pietro, limit_os ) VALUES ( 78, 4, 0, 4);
INSERT INTO "public".cele( nr_celi, blok, pietro, limit_os ) VALUES ( 79, 4, 1, 4);
INSERT INTO "public".cele( nr_celi, blok, pietro, limit_os ) VALUES ( 80, 4, 1, 4);
INSERT INTO "public".cele( nr_celi, blok, pietro, limit_os ) VALUES ( 81, 4, 1, 4);
INSERT INTO "public".cele( nr_celi, blok, pietro, limit_os ) VALUES ( 82, 4, 1, 4);
INSERT INTO "public".cele( nr_celi, blok, pietro, limit_os ) VALUES ( 83, 4, 1, 4);
INSERT INTO "public".cele( nr_celi, blok, pietro, limit_os ) VALUES ( 84, 4, 1, 4);
INSERT INTO "public".cele( nr_celi, blok, pietro, limit_os ) VALUES ( 85, 4, 2, 5);
INSERT INTO "public".cele( nr_celi, blok, pietro, limit_os ) VALUES ( 86, 4, 2, 5);
INSERT INTO "public".cele( nr_celi, blok, pietro, limit_os ) VALUES ( 87, 4, 2, 5);
INSERT INTO "public".cele( nr_celi, blok, pietro, limit_os ) VALUES ( 88, 4, 2, 5);
INSERT INTO "public".cele( nr_celi, blok, pietro, limit_os ) VALUES ( 89, 4, 2, 20);
INSERT INTO "public".cele( nr_celi, blok, pietro, limit_os ) VALUES ( 90, 4, 2, 20);
INSERT INTO "public".cele( nr_celi, blok, pietro, limit_os ) VALUES ( 91, 3, 1, 20);




INSERT INTO "public".gangi( id_gangu, nazwa, znak_rozpoznawczy ) VALUES ( 1, 'Zle mrowki', 'Tatuaz mrowki');
INSERT INTO "public".gangi( id_gangu, nazwa, znak_rozpoznawczy ) VALUES ( 2, 'Szare koty', 'Posiadaja szare wasy');
INSERT INTO "public".gangi( id_gangu, nazwa, znak_rozpoznawczy ) VALUES ( 3, 'Młode wilki', 'Starsi Panowie i Panie');
INSERT INTO "public".gangi( id_gangu, nazwa, znak_rozpoznawczy ) VALUES ( 4, 'Mafia Sardyńska', 'Jakie więzienie taka Włoska Mafia, bardzo ulizane włosy, głównie Sardyńczycy, specyficzny akcent');
INSERT INTO "public".gangi( id_gangu, nazwa, znak_rozpoznawczy ) VALUES ( 5, 'Mafia Sycylijksa', 'Jakie więzienie taka Włoska Mafia, bardzo ulizane włosy, głównie Sycylijczycy, specyficzny akcent');


INSERT INTO "public".powody_zakonczenia_rodzaje( id_rodzaju, nazwa ) VALUES (1, 'zakończnenie wyroku');
INSERT INTO "public".powody_zakonczenia_rodzaje( id_rodzaju, nazwa ) VALUES (2, 'przeniesienie');
INSERT INTO "public".powody_zakonczenia_rodzaje( id_rodzaju, nazwa ) VALUES (3, 'śmierć');
INSERT INTO "public".powody_zakonczenia_rodzaje( id_rodzaju, nazwa ) VALUES (4, 'Ucieczka');


INSERT INTO "public".powod_zakonczenia( rodzaj, opis  ) VALUES ( 1, 'odbycie pełnej długości wyroku' );
INSERT INTO "public".powod_zakonczenia( rodzaj, opis  ) VALUES ( 2, 'przeniesienie do placówki o zaostrzonym rygorze' );
INSERT INTO "public".powod_zakonczenia( rodzaj, opis  ) VALUES ( 3, 'śmierć z powodu choroby przewlekłej' );
INSERT INTO "public".powod_zakonczenia( rodzaj, opis  ) VALUES ( 3, 'śmierć spowodowana wypadkiem podczas przebywania w więznieniu' );
INSERT INTO "public".powod_zakonczenia( rodzaj, opis  ) VALUES ( 3, 'śmierć spowodowana pobiciem przez współwięźniów' );
INSERT INTO "public".powod_zakonczenia( rodzaj, opis  ) VALUES ( 3, 'samobujstwo' );
INSERT INTO "public".powod_zakonczenia( rodzaj, opis  ) VALUES ( 4, 'Ucieczka z więzienia' );


INSERT INTO "public".powody_nieobecnosci( id_powodu_nieob, opis, rodzaj, platny ) VALUES ( 1, 'zwolnienie lekarskie bezplatne', 'Z', 0);
INSERT INTO "public".powody_nieobecnosci( id_powodu_nieob, opis, rodzaj, platny ) VALUES ( 2, 'urlop Macierzyński', 'Z', 1);
INSERT INTO "public".powody_nieobecnosci( id_powodu_nieob, opis, rodzaj, platny ) VALUES ( 3, 'zwolnienie lekarskie platne', 'Z', 0.8);
INSERT INTO "public".powody_nieobecnosci( id_powodu_nieob, opis, rodzaj, platny ) VALUES ( 4, 'zwolnienie lekarskkie pełnopłatne', 'Z', 1);
INSERT INTO "public".powody_nieobecnosci( id_powodu_nieob, opis, rodzaj, platny ) VALUES ( 5, 'urlop', 'U', 1);
INSERT INTO "public".powody_nieobecnosci( id_powodu_nieob, opis, rodzaj, platny ) VALUES ( 6, 'szkolenie służbowe', 'U', 1);


INSERT INTO "public".prace_spoleczne( id_pracy, nazwa, opis, max_liczba_os ) VALUES ( 1, 'Sprzatanie spacerniaka', 'Praca ta polega na zbieraniu smieci, jakie znajduja sie w okolicach spacerniaka oraz ich odpowiednie segregowanie', 5);
INSERT INTO "public".prace_spoleczne( id_pracy, nazwa, opis, max_liczba_os ) VALUES ( 2, 'Czyszczenie Bloku', 'zamiatanie i mycie podług', 10);
INSERT INTO "public".prace_spoleczne( id_pracy, nazwa, opis, max_liczba_os ) VALUES ( 3, 'Sprzatanie pobliskiego parku', 'Grabienie liści i zbieranie śmieci', 7);
INSERT INTO "public".prace_spoleczne( id_pracy, nazwa, opis, max_liczba_os ) VALUES ( 4, 'Malowanie ścian', 'malowanie ścian', 10);
INSERT INTO "public".prace_spoleczne( id_pracy, nazwa, opis, max_liczba_os ) VALUES ( 5, 'Czyszczenie łazienek', 'Czyszczenie łazienek', 5);
INSERT INTO "public".prace_spoleczne( id_pracy, nazwa, opis, max_liczba_os ) VALUES ( 6, 'Prace Stolarskie', 'małe prace', 10);
INSERT INTO "public".prace_spoleczne( id_pracy, nazwa, opis, max_liczba_os ) VALUES ( 7, 'Praca w pobliskiej fabryce', 'Praca w fabruce BudiMex', 20);


INSERT INTO "public".relacje_gangi( id_gangu_1, id_gangu_2, typ_relacji ) VALUES ( 1, 2, 'N');
INSERT INTO "public".relacje_gangi( id_gangu_1, id_gangu_2, typ_relacji ) VALUES ( 4, 5, 'N');
INSERT INTO "public".relacje_gangi( id_gangu_1, id_gangu_2, typ_relacji ) VALUES ( 3, 4, 'N');


INSERT INTO "public".stanowiska( nazwa, id_stanowiska ) VALUES ( 'dyrektor aresztu śledczego', 1);
INSERT INTO "public".stanowiska( nazwa, id_stanowiska ) VALUES ( 'zastępca dyrektora aresztu śledczego', 2);
INSERT INTO "public".stanowiska( nazwa, id_stanowiska ) VALUES ( 'kierownik działu', 3);
INSERT INTO "public".stanowiska( nazwa, id_stanowiska ) VALUES ( 'zastępca kierownika działu', 4);
INSERT INTO "public".stanowiska( nazwa, id_stanowiska ) VALUES ( 'dowódca zmiany', 5);
INSERT INTO "public".stanowiska( nazwa, id_stanowiska ) VALUES ( 'starszy wychowawca', 6);
INSERT INTO "public".stanowiska( nazwa, id_stanowiska ) VALUES ( 'wychowawca', 7);
INSERT INTO "public".stanowiska( nazwa, id_stanowiska ) VALUES ( 'młodszy wychowawca', 8);
INSERT INTO "public".stanowiska( nazwa, id_stanowiska ) VALUES ( 'starszy psycholog', 9);
INSERT INTO "public".stanowiska( nazwa, id_stanowiska ) VALUES ( 'psycholog', 10);
INSERT INTO "public".stanowiska( nazwa, id_stanowiska ) VALUES ( 'starszy strażnik', 11);
INSERT INTO "public".stanowiska( nazwa, id_stanowiska ) VALUES ( 'strażnik', 12);


INSERT INTO "public".wiezniowie(imie, nazwisko, pesel, plec, data_urodzenia ) VALUES ( 'MATEUSZ', 'LEWANDOWSKI', 82111493434, 'M', '1982-11-14');
INSERT INTO "public".wiezniowie(imie, nazwisko, pesel, plec, data_urodzenia ) VALUES ( 'ALEKSANDRA', 'KONIECZNY', 79081253340, 'K', '1979-08-12');
INSERT INTO "public".wiezniowie(imie, nazwisko, pesel, plec, data_urodzenia ) VALUES ( 'WIKTORIA', 'CZARNECKA', 79122111567, 'K', '1979-12-21');
INSERT INTO "public".wiezniowie(imie, nazwisko, pesel, plec, data_urodzenia ) VALUES ( 'KAROLINA', 'ORŁOWSKA', 73112681768, 'K', '1973-11-26');
INSERT INTO "public".wiezniowie(imie, nazwisko, pesel, plec, data_urodzenia ) VALUES ( 'JULIA', 'JASIŃSKA', 84100630066, 'K', '1984-10-06');
INSERT INTO "public".wiezniowie(imie, nazwisko, pesel, plec, data_urodzenia ) VALUES ( 'DOROTA', 'WAWRZYNIAK', 69062855120, 'K', '1969-06-28');
INSERT INTO "public".wiezniowie(imie, nazwisko, pesel, plec, data_urodzenia ) VALUES ( 'MAREK', 'KOWALEWSKI', 65090380775, 'M', '1965-09-03');
INSERT INTO "public".wiezniowie(imie, nazwisko, pesel, plec, data_urodzenia ) VALUES ( 'SZYMON', 'KONIECZNY', 94062184091, 'M', '1994-06-21');
INSERT INTO "public".wiezniowie(imie, nazwisko, pesel, plec, data_urodzenia ) VALUES ( 'MAGDALENA', 'KALINOWSKA', 93082360748, 'K', '1993-08-23');
INSERT INTO "public".wiezniowie(imie, nazwisko, pesel, plec, data_urodzenia ) VALUES ( 'RENATA', 'WRÓBEL', 82091980209, 'K', '1982-09-19');
INSERT INTO "public".wiezniowie(imie, nazwisko, pesel, plec, data_urodzenia ) VALUES ( 'ALICJA', 'CHOJNACKA', 89111149402, 'K', '1989-11-11');
INSERT INTO "public".wiezniowie(imie, nazwisko, pesel, plec, data_urodzenia ) VALUES ( 'KAROLINA', 'MUCHA', 76051900408, 'K', '1976-05-19');
INSERT INTO "public".wiezniowie(imie, nazwisko, pesel, plec, data_urodzenia ) VALUES ( 'MIROSŁAW', 'URBANIAK', 62012641798, 'M', '1962-01-26');
INSERT INTO "public".wiezniowie(imie, nazwisko, pesel, plec, data_urodzenia ) VALUES ( 'SEBASTIAN', 'BRZOZOWSKI', 92081751571, 'M', '1992-08-17');
INSERT INTO "public".wiezniowie(imie, nazwisko, pesel, plec, data_urodzenia ) VALUES ( 'JAROSŁAW', 'MAJEWSKI', 78100214850, 'M', '1978-10-02');
INSERT INTO "public".wiezniowie(imie, nazwisko, pesel, plec, data_urodzenia ) VALUES ( 'NATALIA', 'MARCINIAK', 66121444349, 'K', '1966-12-14');
INSERT INTO "public".wiezniowie(imie, nazwisko, pesel, plec, data_urodzenia ) VALUES ( 'MARIUSZ', 'KAMIŃSKI', 91062047377, 'M', '1991-06-20');
INSERT INTO "public".wiezniowie(imie, nazwisko, pesel, plec, data_urodzenia ) VALUES ( 'BOŻENA', 'JABŁOŃSKA', 90071366644, 'K', '1990-07-13');
INSERT INTO "public".wiezniowie(imie, nazwisko, pesel, plec, data_urodzenia ) VALUES ( 'ANDRZEJ', 'KALINOWSKI', 84080497918, 'M', '1984-08-04');
INSERT INTO "public".wiezniowie(imie, nazwisko, pesel, plec, data_urodzenia ) VALUES ( 'MAŁGORZATA', 'KUREK', 65100871703, 'K', '1965-10-08');
INSERT INTO "public".wiezniowie(imie, nazwisko, pesel, plec, data_urodzenia ) VALUES ( 'KRYSTYNA', 'KUREK', 74021237286, 'K', '1974-02-12');
INSERT INTO "public".wiezniowie(imie, nazwisko, pesel, plec, data_urodzenia ) VALUES ( 'GRAŻYNA', 'SOBCZAK', 74011640081, 'K', '1974-01-16');
INSERT INTO "public".wiezniowie(imie, nazwisko, pesel, plec, data_urodzenia ) VALUES ( 'ELŻBIETA', 'LASKOWSKA', 95061392964, 'K', '1995-06-13');
INSERT INTO "public".wiezniowie(imie, nazwisko, pesel, plec, data_urodzenia ) VALUES ( 'KAMIL', 'KLIMEK', 74012179458, 'M', '1974-01-21');
INSERT INTO "public".wiezniowie(imie, nazwisko, pesel, plec, data_urodzenia ) VALUES ( 'JACEK', 'ZAKRZEWSKI', 83061637570, 'M', '1983-06-16');
INSERT INTO "public".wiezniowie(imie, nazwisko, pesel, plec, data_urodzenia ) VALUES ( 'IRENA', 'TOMCZYK', 63100376129, 'K', '1963-10-03');
INSERT INTO "public".wiezniowie(imie, nazwisko, pesel, plec, data_urodzenia ) VALUES ( 'PIOTR', 'PAWLAK', 76110296075, 'M', '1976-11-02');
INSERT INTO "public".wiezniowie(imie, nazwisko, pesel, plec, data_urodzenia ) VALUES ( 'BEATA', 'WRÓBLEWSKA', 84041889507, 'K', '1984-04-18');
INSERT INTO "public".wiezniowie(imie, nazwisko, pesel, plec, data_urodzenia ) VALUES ( 'ZOFIA', 'SOWA', 92061199027, 'K', '1992-06-11');
INSERT INTO "public".wiezniowie(imie, nazwisko, pesel, plec, data_urodzenia ) VALUES ( 'JADWIGA', 'JAROSZ', 60081818220, 'K', '1960-08-18');
INSERT INTO "public".wiezniowie(imie, nazwisko, pesel, plec, data_urodzenia ) VALUES ( 'JAROSŁAW', 'DUDEK', 92051539798, 'M', '1992-05-15');
INSERT INTO "public".wiezniowie(imie, nazwisko, pesel, plec, data_urodzenia ) VALUES ( 'JADWIGA', 'MAZUR', 63042527364, 'K', '1963-04-25');
INSERT INTO "public".wiezniowie(imie, nazwisko, pesel, plec, data_urodzenia ) VALUES ( 'MIROSŁAW', 'SZEWCZYK', 74080919059, 'M', '1974-08-09');
INSERT INTO "public".wiezniowie(imie, nazwisko, pesel, plec, data_urodzenia ) VALUES ( 'MARCIN', 'JAWORSKI', 94012337111, 'M', '1994-01-23');
INSERT INTO "public".wiezniowie(imie, nazwisko, pesel, plec, data_urodzenia ) VALUES ( 'GRZEGORZ', 'JAROSZ', 64121579858, 'M', '1964-12-15');
INSERT INTO "public".wiezniowie(imie, nazwisko, pesel, plec, data_urodzenia ) VALUES ( 'MAGDALENA', 'PAWLIK', 74060221602, 'K', '1974-06-02');
INSERT INTO "public".wiezniowie(imie, nazwisko, pesel, plec, data_urodzenia ) VALUES ( 'JOLANTA', 'KOWALIK', 92010637325, 'K', '1992-01-06');
INSERT INTO "public".wiezniowie(imie, nazwisko, pesel, plec, data_urodzenia ) VALUES ( 'BARBARA', 'SADOWSKA', 88112556143, 'K', '1988-11-25');
INSERT INTO "public".wiezniowie(imie, nazwisko, pesel, plec, data_urodzenia ) VALUES ( 'ŁUKASZ', 'MUCHA', 62041609972, 'M', '1962-04-16');
INSERT INTO "public".wiezniowie(imie, nazwisko, pesel, plec, data_urodzenia ) VALUES ( 'BOŻENA', 'CZAJKOWSKA', 64072182024, 'K', '1964-07-21');
INSERT INTO "public".wiezniowie(imie, nazwisko, pesel, plec, data_urodzenia ) VALUES ( 'JAN', 'KACZMARCZYK', 79050543575, 'M', '1979-05-05');
INSERT INTO "public".wiezniowie(imie, nazwisko, pesel, plec, data_urodzenia ) VALUES ( 'PAWEŁ', 'MALINOWSKI', 71112727295, 'M', '1971-11-27');
INSERT INTO "public".wiezniowie(imie, nazwisko, pesel, plec, data_urodzenia ) VALUES ( 'JAKUB', 'ZAWADZKI', 74111601199, 'M', '1974-11-16');
INSERT INTO "public".wiezniowie(imie, nazwisko, pesel, plec, data_urodzenia ) VALUES ( 'EWA', 'LESZCZYŃSKA', 78072734723, 'K', '1978-07-27');
INSERT INTO "public".wiezniowie(imie, nazwisko, pesel, plec, data_urodzenia ) VALUES ( 'JOANNA', 'KOPEĆ', 66121756024, 'K', '1966-12-17');
INSERT INTO "public".wiezniowie(imie, nazwisko, pesel, plec, data_urodzenia ) VALUES ( 'EWA', 'ZAWADZKA', 83112501148, 'K', '1983-11-25');
INSERT INTO "public".wiezniowie(imie, nazwisko, pesel, plec, data_urodzenia ) VALUES ( 'RYSZARD', 'SZCZEPAŃSKI', 73121392275, 'M', '1973-12-13');
INSERT INTO "public".wiezniowie(imie, nazwisko, pesel, plec, data_urodzenia ) VALUES ( 'HALINA', 'DĄBROWSKA', 81010619967, 'K', '1981-01-06');
INSERT INTO "public".wiezniowie(imie, nazwisko, pesel, plec, data_urodzenia ) VALUES ( 'WIKTORIA', 'WITKOWSKA', 86052659720, 'K', '1986-05-26');
INSERT INTO "public".wiezniowie(imie, nazwisko, pesel, plec, data_urodzenia ) VALUES ( 'WOJCIECH', 'LASKOWSKI', 76110360657, 'M', '1976-11-03');
INSERT INTO "public".wiezniowie(imie, nazwisko, pesel, plec, data_urodzenia ) VALUES ( 'JULIA', 'WYSOCKA', 76071278448, 'K', '1976-07-12');
INSERT INTO "public".wiezniowie(imie, nazwisko, pesel, plec, data_urodzenia ) VALUES ( 'TOMASZ', 'SZYMCZAK', 77110783156, 'M', '1977-11-07');
INSERT INTO "public".wiezniowie(imie, nazwisko, pesel, plec, data_urodzenia ) VALUES ( 'MARIA', 'MICHALAK', 79030113941, 'K', '1979-03-01');
INSERT INTO "public".wiezniowie(imie, nazwisko, pesel, plec, data_urodzenia ) VALUES ( 'JUSTYNA', 'SAWICKA', 74022508349, 'K', '1974-02-25');
INSERT INTO "public".wiezniowie(imie, nazwisko, pesel, plec, data_urodzenia ) VALUES ( 'ARTUR', 'WRÓBLEWSKI', 67071171350, 'M', '1967-07-11');
INSERT INTO "public".wiezniowie(imie, nazwisko, pesel, plec, data_urodzenia ) VALUES ( 'MACIEJ', 'JASIŃSKI', 65061113977, 'M', '1965-06-11');
INSERT INTO "public".wiezniowie(imie, nazwisko, pesel, plec, data_urodzenia ) VALUES ( 'SZYMON', 'PIETRZAK', 78060665659, 'M', '1978-06-06');
INSERT INTO "public".wiezniowie(imie, nazwisko, pesel, plec, data_urodzenia ) VALUES ( 'JANUSZ', 'NOWAK', 66052726277, 'M', '1966-05-27');
INSERT INTO "public".wiezniowie(imie, nazwisko, pesel, plec, data_urodzenia ) VALUES ( 'PIOTR', 'KOWALCZYK', 68050931954, 'M', '1968-05-09');
INSERT INTO "public".wiezniowie(imie, nazwisko, pesel, plec, data_urodzenia ) VALUES ( 'JADWIGA', 'SIKORSKA', 71101011969, 'K', '1971-10-10');
INSERT INTO "public".wiezniowie(imie, nazwisko, pesel, plec, data_urodzenia ) VALUES ( 'SŁAWOMIR', 'MAJEWSKI', 89120931577, 'M', '1989-12-09');
INSERT INTO "public".wiezniowie(imie, nazwisko, pesel, plec, data_urodzenia ) VALUES ( 'GRZEGORZ', 'WRÓBLEWSKI', 78020250451, 'M', '1978-02-02');
INSERT INTO "public".wiezniowie(imie, nazwisko, pesel, plec, data_urodzenia ) VALUES ( 'GRAŻYNA', 'WRÓBLEWSKA', 84090497001, 'K', '1984-09-04');
INSERT INTO "public".wiezniowie(imie, nazwisko, pesel, plec, data_urodzenia ) VALUES ( 'RAFAŁ', 'WÓJCIK', 72021587592, 'M', '1972-02-15');
INSERT INTO "public".wiezniowie(imie, nazwisko, pesel, plec, data_urodzenia ) VALUES ( 'WOJCIECH', 'SAWICKI', 88021932416, 'M', '1988-02-19');
INSERT INTO "public".wiezniowie(imie, nazwisko, pesel, plec, data_urodzenia ) VALUES ( 'SEBASTIAN', 'DUDEK', 93112028558, 'M', '1993-11-20');
INSERT INTO "public".wiezniowie(imie, nazwisko, pesel, plec, data_urodzenia ) VALUES ( 'KACPER', 'GŁOWACKI', 91111251070, 'M', '1991-11-12');
INSERT INTO "public".wiezniowie(imie, nazwisko, pesel, plec, data_urodzenia ) VALUES ( 'DAMIAN', 'STANKIEWICZ', 83090524335, 'M', '1983-09-05');
INSERT INTO "public".wiezniowie(imie, nazwisko, pesel, plec, data_urodzenia ) VALUES ( 'KAMIL', 'ADAMSKI', 90080393833, 'M', '1990-08-03');
INSERT INTO "public".wiezniowie(imie, nazwisko, pesel, plec, data_urodzenia ) VALUES ( 'ELŻBIETA', 'PIĄTEK', 65050751788, 'K', '1965-05-07');
INSERT INTO "public".wiezniowie(imie, nazwisko, pesel, plec, data_urodzenia ) VALUES ( 'MONIKA', 'LIPIŃSKA', 82100613427, 'K', '1982-10-06');
INSERT INTO "public".wiezniowie(imie, nazwisko, pesel, plec, data_urodzenia ) VALUES ( 'MICHAŁ', 'WRÓBEL', 60082459538, 'M', '1960-08-24');
INSERT INTO "public".wiezniowie(imie, nazwisko, pesel, plec, data_urodzenia ) VALUES ( 'SEBASTIAN', 'JASIŃSKI', 79042448372, 'M', '1979-04-24');
INSERT INTO "public".wiezniowie(imie, nazwisko, pesel, plec, data_urodzenia ) VALUES ( 'SEBASTIAN', 'SZCZEPAŃSKI', 83092279998, 'M', '1983-09-22');
INSERT INTO "public".wiezniowie(imie, nazwisko, pesel, plec, data_urodzenia ) VALUES ( 'GRAŻYNA', 'SZCZEPAŃSKA', 76090845328, 'K', '1976-09-08');
INSERT INTO "public".wiezniowie(imie, nazwisko, pesel, plec, data_urodzenia ) VALUES ( 'MAREK', 'POLAK', 94121864155, 'M', '1994-12-18');
INSERT INTO "public".wiezniowie(imie, nazwisko, pesel, plec, data_urodzenia ) VALUES ( 'NATALIA', 'MAJEWSKA', 70062898985, 'K', '1970-06-28');
INSERT INTO "public".wiezniowie(imie, nazwisko, pesel, plec, data_urodzenia ) VALUES ( 'NATALIA', 'PIASECKA', 69031101489, 'K', '1969-03-11');
INSERT INTO "public".wiezniowie(imie, nazwisko, pesel, plec, data_urodzenia ) VALUES ( 'MAREK', 'ADAMCZYK', 91032794177, 'M', '1991-03-27');
INSERT INTO "public".wiezniowie(imie, nazwisko, pesel, plec, data_urodzenia ) VALUES ( 'JANINA', 'ADAMCZYK', 93080325408, 'K', '1993-08-03');
INSERT INTO "public".wiezniowie(imie, nazwisko, pesel, plec, data_urodzenia ) VALUES ( 'DARIUSZ', 'PIASECKI', 81102034270, 'M', '1981-10-20');
INSERT INTO "public".wiezniowie(imie, nazwisko, pesel, plec, data_urodzenia ) VALUES ( 'MICHAŁ', 'KACZMARCZYK', 63070695631, 'M', '1963-07-06');
INSERT INTO "public".wiezniowie(imie, nazwisko, pesel, plec, data_urodzenia ) VALUES ( 'KRYSTYNA', 'MICHALAK', 95101329127, 'K', '1995-10-13');
INSERT INTO "public".wiezniowie(imie, nazwisko, pesel, plec, data_urodzenia ) VALUES ( 'ADAM', 'SZULC', 61052562573, 'M', '1961-05-25');
INSERT INTO "public".wiezniowie(imie, nazwisko, pesel, plec, data_urodzenia ) VALUES ( 'MARIUSZ', 'MICHALAK', 80061501690, 'M', '1980-06-15');
INSERT INTO "public".wiezniowie(imie, nazwisko, pesel, plec, data_urodzenia ) VALUES ( 'MACIEJ', 'ZAJĄC', 85052492090, 'M', '1985-05-24');
INSERT INTO "public".wiezniowie(imie, nazwisko, pesel, plec, data_urodzenia ) VALUES ( 'JUSTYNA', 'JABŁOŃSKA', 93080338244, 'K', '1993-08-03');
INSERT INTO "public".wiezniowie(imie, nazwisko, pesel, plec, data_urodzenia ) VALUES ( 'GRZEGORZ', 'WALCZAK', 92121831579, 'M', '1992-12-18');
INSERT INTO "public".wiezniowie(imie, nazwisko, pesel, plec, data_urodzenia ) VALUES ( 'GRZEGORZ', 'MAZUR', 62050578816, 'M', '1962-05-05');
INSERT INTO "public".wiezniowie(imie, nazwisko, pesel, plec, data_urodzenia ) VALUES ( 'AGATA', 'KALINOWSKA', 93080240068, 'K', '1993-08-02');
INSERT INTO "public".wiezniowie(imie, nazwisko, pesel, plec, data_urodzenia ) VALUES ( 'TERESA', 'JASIŃSKA', 82041588648, 'K', '1982-04-15');
INSERT INTO "public".wiezniowie(imie, nazwisko, pesel, plec, data_urodzenia ) VALUES ( 'MARCIN', 'NOWAK', 91031398297, 'M', '1991-03-13');
INSERT INTO "public".wiezniowie(imie, nazwisko, pesel, plec, data_urodzenia ) VALUES ( 'ALEKSANDRA', 'DUDA', 81092103402, 'K', '1981-09-21');
INSERT INTO "public".wiezniowie(imie, nazwisko, pesel, plec, data_urodzenia ) VALUES ( 'MONIKA', 'KOZIOŁ', 72051436363, 'K', '1972-05-14');
INSERT INTO "public".wiezniowie(imie, nazwisko, pesel, plec, data_urodzenia ) VALUES ( 'DAMIAN', 'JASTRZĘBSKI', 69110871771, 'M', '1969-11-08');
INSERT INTO "public".wiezniowie(imie, nazwisko, pesel, plec, data_urodzenia ) VALUES ( 'ARTUR', 'KUREK', 89041285858, 'M', '1989-04-12');
INSERT INTO "public".wiezniowie(imie, nazwisko, pesel, plec, data_urodzenia ) VALUES ( 'JULIA', 'KRUK', 86070445549, 'K', '1986-07-04');
INSERT INTO "public".wiezniowie(imie, nazwisko, pesel, plec, data_urodzenia ) VALUES ( 'BARTOSZ', 'MUCHA', 67071474453, 'M', '1967-07-14');
INSERT INTO "public".wiezniowie(imie, nazwisko, pesel, plec, data_urodzenia ) VALUES ( 'MATEUSZ', 'KWIATKOWSKI', 80062382751, 'M', '1980-06-23');
INSERT INTO "public".wiezniowie(imie, nazwisko, pesel, plec, data_urodzenia ) VALUES ( 'SŁAWOMIR', 'ADAMCZYK', 87112324257, 'M', '1987-11-23');
INSERT INTO "public".wiezniowie(imie, nazwisko, pesel, plec, data_urodzenia ) VALUES ( 'ZBIGNIEW', 'KANIA', 78011338250, 'M', '1978-01-13');
INSERT INTO "public".wiezniowie(imie, nazwisko, pesel, plec, data_urodzenia ) VALUES ( 'DOROTA', 'WIECZOREK', 82072809945, 'K', '1982-07-28');
INSERT INTO "public".wiezniowie(imie, nazwisko, pesel, plec, data_urodzenia ) VALUES ( 'JANUSZ', 'GŁOWACKI', 77020709439, 'M', '1977-02-07');
INSERT INTO "public".wiezniowie(imie, nazwisko, pesel, plec, data_urodzenia ) VALUES ( 'RENATA', 'ORŁOWSKA', 78110660324, 'K', '1978-11-06');
INSERT INTO "public".wiezniowie(imie, nazwisko, pesel, plec, data_urodzenia ) VALUES ( 'BARTOSZ', 'WESOŁOWSKI', 65072198655, 'M', '1965-07-21');
INSERT INTO "public".wiezniowie(imie, nazwisko, pesel, plec, data_urodzenia ) VALUES ( 'RYSZARD', 'GŁOWACKI', 70050758659, 'M', '1970-05-07');
INSERT INTO "public".wiezniowie(imie, nazwisko, pesel, plec, data_urodzenia ) VALUES ( 'MACIEJ', 'KUBIAK', 72011126631, 'M', '1972-01-11');
INSERT INTO "public".wiezniowie(imie, nazwisko, pesel, plec, data_urodzenia ) VALUES ( 'WOJCIECH', 'CZARNECKI', 73041306370, 'M', '1973-04-13');
INSERT INTO "public".wiezniowie(imie, nazwisko, pesel, plec, data_urodzenia ) VALUES ( 'MACIEJ', 'ZAJĄC', 91081903292, 'M', '1991-08-19');
INSERT INTO "public".wiezniowie(imie, nazwisko, pesel, plec, data_urodzenia ) VALUES ( 'MONIKA', 'TOMCZAK', 89011771624, 'K', '1989-01-17');
INSERT INTO "public".wiezniowie(imie, nazwisko, pesel, plec, data_urodzenia ) VALUES ( 'MAGDALENA', 'PIĄTEK', 84060523444, 'K', '1984-06-05');
INSERT INTO "public".wiezniowie(imie, nazwisko, pesel, plec, data_urodzenia ) VALUES ( 'JAN', 'TOMCZAK', 92110531431, 'M', '1992-11-05');
INSERT INTO "public".wiezniowie(imie, nazwisko, pesel, plec, data_urodzenia ) VALUES ( 'BARBARA', 'BĄK', 74080702321, 'K', '1974-08-07');
INSERT INTO "public".wiezniowie(imie, nazwisko, pesel, plec, data_urodzenia ) VALUES ( 'PAULINA', 'NOWACKA', 90022752328, 'K', '1990-02-27');
INSERT INTO "public".wiezniowie(imie, nazwisko, pesel, plec, data_urodzenia ) VALUES ( 'JERZY', 'ZAKRZEWSKI', 69062108877, 'M', '1969-06-21');
INSERT INTO "public".wiezniowie(imie, nazwisko, pesel, plec, data_urodzenia ) VALUES ( 'JOANNA', 'SIKORA', 81090628769, 'K', '1981-09-06');
INSERT INTO "public".wiezniowie(imie, nazwisko, pesel, plec, data_urodzenia ) VALUES ( 'AGATA', 'TOMCZAK', 67021486064, 'K', '1967-02-14');
INSERT INTO "public".wiezniowie(imie, nazwisko, pesel, plec, data_urodzenia ) VALUES ( 'JACEK', 'MIKOŁAJCZYK', 67051710771, 'M', '1967-05-17');
INSERT INTO "public".wiezniowie(imie, nazwisko, pesel, plec, data_urodzenia ) VALUES ( 'GRZEGORZ', 'OSTROWSKI', 60101271316, 'M', '1960-10-12');
INSERT INTO "public".wiezniowie(imie, nazwisko, pesel, plec, data_urodzenia ) VALUES ( 'KACPER', 'WYSOCKI', 69021610331, 'M', '1969-02-16');
INSERT INTO "public".wiezniowie(imie, nazwisko, pesel, plec, data_urodzenia ) VALUES ( 'ŁUKASZ', 'KOWALEWSKI', 93012438136, 'M', '1993-01-24');
INSERT INTO "public".wiezniowie(imie, nazwisko, pesel, plec, data_urodzenia ) VALUES ( 'DARIUSZ', 'SADOWSKI', 65112869875, 'M', '1965-11-28');
INSERT INTO "public".wiezniowie(imie, nazwisko, pesel, plec, data_urodzenia ) VALUES ( 'JAROSŁAW', 'SZULC', 77012391697, 'M', '1977-01-23');
INSERT INTO "public".wiezniowie(imie, nazwisko, pesel, plec, data_urodzenia ) VALUES ( 'BARTOSZ', 'PAWLIK', 72012312231, 'M', '1972-01-23');
INSERT INTO "public".wiezniowie(imie, nazwisko, pesel, plec, data_urodzenia ) VALUES ( 'MICHAŁ', 'KACZMARCZYK', 78051837333, 'M', '1978-05-18');
INSERT INTO "public".wiezniowie(imie, nazwisko, pesel, plec, data_urodzenia ) VALUES ( 'JULIA', 'JASTRZĘBSKA', 97022170329, 'K', '1997-02-21');
INSERT INTO "public".wiezniowie(imie, nazwisko, pesel, plec, data_urodzenia ) VALUES ( 'EWA', 'SIKORA', 84102831144, 'K', '1984-10-28');
INSERT INTO "public".wiezniowie(imie, nazwisko, pesel, plec, data_urodzenia ) VALUES ( 'JAROSŁAW', 'TOMCZAK', 61030312918, 'M', '1961-03-03');
INSERT INTO "public".wiezniowie(imie, nazwisko, pesel, plec, data_urodzenia ) VALUES ( 'RENATA', 'WRÓBLEWSKA', 66070294800, 'K', '1966-07-02');
INSERT INTO "public".wiezniowie(imie, nazwisko, pesel, plec, data_urodzenia ) VALUES ( 'ALICJA', 'GAJEWSKA', 67081636342, 'K', '1967-08-16');
INSERT INTO "public".wiezniowie(imie, nazwisko, pesel, plec, data_urodzenia ) VALUES ( 'DANUTA', 'DOMAŃSKA', 84112144869, 'K', '1984-11-21');
INSERT INTO "public".wiezniowie(imie, nazwisko, pesel, plec, data_urodzenia ) VALUES ( 'JUSTYNA', 'ADAMSKA', 97110997469, 'K', '1997-11-09');
INSERT INTO "public".wiezniowie(imie, nazwisko, pesel, plec, data_urodzenia ) VALUES ( 'JOANNA', 'MAKOWSKA', 76110638527, 'K', '1976-11-06');
INSERT INTO "public".wiezniowie(imie, nazwisko, pesel, plec, data_urodzenia ) VALUES ( 'JUSTYNA', 'KOWALCZYK', 66071499228, 'K', '1966-07-14');
INSERT INTO "public".wiezniowie(imie, nazwisko, pesel, plec, data_urodzenia ) VALUES ( 'KAROLINA', 'KONIECZNY', 98082295023, 'K', '1998-08-22');
INSERT INTO "public".wiezniowie(imie, nazwisko, pesel, plec, data_urodzenia ) VALUES ( 'JULIA', 'KOŁODZIEJ', 71070719367, 'K', '1971-07-07');
INSERT INTO "public".wiezniowie(imie, nazwisko, pesel, plec, data_urodzenia ) VALUES ( 'MATEUSZ', 'KOT', 76072178075, 'M', '1976-07-21');
INSERT INTO "public".wiezniowie(imie, nazwisko, pesel, plec, data_urodzenia ) VALUES ( 'ADAM', 'LEWANDOWSKI', 81080195471, 'M', '1981-08-01');
INSERT INTO "public".wiezniowie(imie, nazwisko, pesel, plec, data_urodzenia ) VALUES ( 'JERZY', 'SZULC', 64092761335, 'M', '1964-09-27');
INSERT INTO "public".wiezniowie(imie, nazwisko, pesel, plec, data_urodzenia ) VALUES ( 'KACPER', 'MARKOWSKI', 66072443158, 'M', '1966-07-24');
INSERT INTO "public".wiezniowie(imie, nazwisko, pesel, plec, data_urodzenia ) VALUES ( 'SZYMON', 'MICHALSKI', 85121916676, 'M', '1985-12-19');
INSERT INTO "public".wiezniowie(imie, nazwisko, pesel, plec, data_urodzenia ) VALUES ( 'IRENA', 'LIPIŃSKA', 81062479124, 'K', '1981-06-24');
INSERT INTO "public".wiezniowie(imie, nazwisko, pesel, plec, data_urodzenia ) VALUES ( 'URSZULA', 'SOBCZAK', 73110572143, 'K', '1973-11-05');
INSERT INTO "public".wiezniowie(imie, nazwisko, pesel, plec, data_urodzenia ) VALUES ( 'MARIUSZ', 'LESZCZYŃSKI', 84092571936, 'M', '1984-09-25');
INSERT INTO "public".wiezniowie(imie, nazwisko, pesel, plec, data_urodzenia ) VALUES ( 'PIOTR', 'URBAŃSKI', 68101690797, 'M', '1968-10-16');
INSERT INTO "public".wiezniowie(imie, nazwisko, pesel, plec, data_urodzenia ) VALUES ( 'PATRYK', 'KONIECZNY', 70112320552, 'M', '1970-11-23');
INSERT INTO "public".wiezniowie(imie, nazwisko, pesel, plec, data_urodzenia ) VALUES ( 'WOJCIECH', 'KOWALSKI', 92012608158, 'M', '1992-01-26');
INSERT INTO "public".wiezniowie(imie, nazwisko, pesel, plec, data_urodzenia ) VALUES ( 'TERESA', 'KOŁODZIEJCZYK', 83012687869, 'K', '1983-01-26');
INSERT INTO "public".wiezniowie(imie, nazwisko, pesel, plec, data_urodzenia ) VALUES ( 'KAMIL', 'JASIŃSKI', 91051553555, 'M', '1991-05-15');
INSERT INTO "public".wiezniowie(imie, nazwisko, pesel, plec, data_urodzenia ) VALUES ( 'DOROTA', 'SZYMCZAK', 99010979763, 'K', '1999-01-09');
INSERT INTO "public".wiezniowie(imie, nazwisko, pesel, plec, data_urodzenia ) VALUES ( 'SEBASTIAN', 'URBAŃSKI', 70081847890, 'M', '1970-08-18');
INSERT INTO "public".wiezniowie(imie, nazwisko, pesel, plec, data_urodzenia ) VALUES ( 'HANNA', 'ORŁOWSKA', 99112064329, 'K', '1999-11-20');
INSERT INTO "public".wiezniowie(imie, nazwisko, pesel, plec, data_urodzenia ) VALUES ( 'JANINA', 'MARKIEWICZ', 93111334825, 'K', '1993-11-13');
INSERT INTO "public".wiezniowie(imie, nazwisko, pesel, plec, data_urodzenia ) VALUES ( 'IWONA', 'JANKOWSKA', 73111075607, 'K', '1973-11-10');
INSERT INTO "public".wiezniowie(imie, nazwisko, pesel, plec, data_urodzenia ) VALUES ( 'MARCIN', 'WÓJTOWICZ', 92071958533, 'M', '1992-07-19');
INSERT INTO "public".wiezniowie(imie, nazwisko, pesel, plec, data_urodzenia ) VALUES ( 'DARIUSZ', 'MUSIAŁ', 69121326837, 'M', '1969-12-13');
INSERT INTO "public".wiezniowie(imie, nazwisko, pesel, plec, data_urodzenia ) VALUES ( 'IRENA', 'SZCZEPAŃSKA', 62102641424, 'K', '1962-10-26');
INSERT INTO "public".wiezniowie(imie, nazwisko, pesel, plec, data_urodzenia ) VALUES ( 'GRAŻYNA', 'CHOJNACKA', 63091690644, 'K', '1963-09-16');
INSERT INTO "public".wiezniowie(imie, nazwisko, pesel, plec, data_urodzenia ) VALUES ( 'HANNA', 'SIKORSKA', 81072052469, 'K', '1981-07-20');
INSERT INTO "public".wiezniowie(imie, nazwisko, pesel, plec, data_urodzenia ) VALUES ( 'PAWEŁ', 'ZAKRZEWSKI', 90082768651, 'M', '1990-08-27');
INSERT INTO "public".wiezniowie(imie, nazwisko, pesel, plec, data_urodzenia ) VALUES ( 'RENATA', 'MALINOWSKA', 96080982727, 'K', '1996-08-09');
INSERT INTO "public".wiezniowie(imie, nazwisko, pesel, plec, data_urodzenia ) VALUES ( 'TADEUSZ', 'DUDEK', 93090280375, 'M', '1993-09-02');
INSERT INTO "public".wiezniowie(imie, nazwisko, pesel, plec, data_urodzenia ) VALUES ( 'NATALIA', 'WESOŁOWSKA', 87051059122, 'K', '1987-05-10');
INSERT INTO "public".wiezniowie(imie, nazwisko, pesel, plec, data_urodzenia ) VALUES ( 'ARTUR', 'URBANIAK', 60100352791, 'M', '1960-10-03');
INSERT INTO "public".wiezniowie(imie, nazwisko, pesel, plec, data_urodzenia ) VALUES ( 'WOJCIECH', 'SOWA', 73070433834, 'M', '1973-07-04');
INSERT INTO "public".wiezniowie(imie, nazwisko, pesel, plec, data_urodzenia ) VALUES ( 'MAREK', 'URBANIAK', 75022080019, 'M', '1975-02-20');
INSERT INTO "public".wiezniowie(imie, nazwisko, pesel, plec, data_urodzenia ) VALUES ( 'JAN', 'KAMIŃSKI', 89010887959, 'M', '1989-01-08');
INSERT INTO "public".wiezniowie(imie, nazwisko, pesel, plec, data_urodzenia ) VALUES ( 'PAULINA', 'WESOŁOWSKA', 70071852309, 'K', '1970-07-18');
INSERT INTO "public".wiezniowie(imie, nazwisko, pesel, plec, data_urodzenia ) VALUES ( 'MATEUSZ', 'MARCINIAK', 83062770878, 'M', '1983-06-27');
INSERT INTO "public".wiezniowie(imie, nazwisko, pesel, plec, data_urodzenia ) VALUES ( 'BEATA', 'KOZAK', 70010825346, 'K', '1970-01-08');
INSERT INTO "public".wiezniowie(imie, nazwisko, pesel, plec, data_urodzenia ) VALUES ( 'JACEK', 'OLSZEWSKI', 77041678495, 'M', '1977-04-16');
INSERT INTO "public".wiezniowie(imie, nazwisko, pesel, plec, data_urodzenia ) VALUES ( 'PAULINA', 'WILK', 95012812068, 'K', '1995-01-28');
INSERT INTO "public".wiezniowie(imie, nazwisko, pesel, plec, data_urodzenia ) VALUES ( 'RYSZARD', 'SZCZEPAŃSKI', 61051842715, 'M', '1961-05-18');
INSERT INTO "public".wiezniowie(imie, nazwisko, pesel, plec, data_urodzenia ) VALUES ( 'JOLANTA', 'SIKORA', 87012430427, 'K', '1987-01-24');
INSERT INTO "public".wiezniowie(imie, nazwisko, pesel, plec, data_urodzenia ) VALUES ( 'SŁAWOMIR', 'ŻAK', 84072462911, 'M', '1984-07-24');
INSERT INTO "public".wiezniowie(imie, nazwisko, pesel, plec, data_urodzenia ) VALUES ( 'HALINA', 'BŁASZCZYK', 74091135062, 'K', '1974-09-11');
INSERT INTO "public".wiezniowie(imie, nazwisko, pesel, plec, data_urodzenia ) VALUES ( 'JOLANTA', 'WÓJCIK', 71050462249, 'K', '1971-05-04');
INSERT INTO "public".wiezniowie(imie, nazwisko, pesel, plec, data_urodzenia ) VALUES ( 'DARIUSZ', 'WÓJTOWICZ', 72082190571, 'M', '1972-08-21');
INSERT INTO "public".wiezniowie(imie, nazwisko, pesel, plec, data_urodzenia ) VALUES ( 'JUSTYNA', 'KANIA', 87011290484, 'K', '1987-01-12');
INSERT INTO "public".wiezniowie(imie, nazwisko, pesel, plec, data_urodzenia ) VALUES ( 'JANUSZ', 'JANIK', 88121624172, 'M', '1988-12-16');
INSERT INTO "public".wiezniowie(imie, nazwisko, pesel, plec, data_urodzenia ) VALUES ( 'JAN', 'STĘPIEŃ', 67082730854, 'M', '1967-08-27');
INSERT INTO "public".wiezniowie(imie, nazwisko, pesel, plec, data_urodzenia ) VALUES ( 'KRYSTYNA', 'JAWORSKA', 70062101647, 'K', '1970-06-21');
INSERT INTO "public".wiezniowie(imie, nazwisko, pesel, plec, data_urodzenia ) VALUES ( 'GRAŻYNA', 'WYSOCKA', 91042285263, 'K', '1991-04-22');
INSERT INTO "public".wiezniowie(imie, nazwisko, pesel, plec, data_urodzenia ) VALUES ( 'ŁUKASZ', 'TOMCZAK', 65030434478, 'M', '1965-03-04');
INSERT INTO "public".wiezniowie(imie, nazwisko, pesel, plec, data_urodzenia ) VALUES ( 'DOROTA', 'SZULC', 61040131002, 'K', '1961-04-01');
INSERT INTO "public".wiezniowie(imie, nazwisko, pesel, plec, data_urodzenia ) VALUES ( 'JAKUB', 'KRAJEWSKI', 68101015031, 'M', '1968-10-10');
INSERT INTO "public".wiezniowie(imie, nazwisko, pesel, plec, data_urodzenia ) VALUES ( 'PATRYK', 'MIKOŁAJCZYK', 85011139699, 'M', '1985-01-11');
INSERT INTO "public".wiezniowie(imie, nazwisko, pesel, plec, data_urodzenia ) VALUES ( 'PATRYK', 'NOWAKOWSKI', 60052516117, 'M', '1960-05-25');
INSERT INTO "public".wiezniowie(imie, nazwisko, pesel, plec, data_urodzenia ) VALUES ( 'JACEK', 'SZYMCZAK', 83110849752, 'M', '1983-11-08');
INSERT INTO "public".wiezniowie(imie, nazwisko, pesel, plec, data_urodzenia ) VALUES ( 'JERZY', 'DĄBROWSKI', 70092069571, 'M', '1970-09-20');
INSERT INTO "public".wiezniowie(imie, nazwisko, pesel, plec, data_urodzenia ) VALUES ( 'DAWID', 'SZCZEPANIAK', 94041963457, 'M', '1994-04-19');
INSERT INTO "public".wiezniowie(imie, nazwisko, pesel, plec, data_urodzenia ) VALUES ( 'DAWID', 'RUTKOWSKI', 63122752035, 'M', '1963-12-27');
INSERT INTO "public".wiezniowie(imie, nazwisko, pesel, plec, data_urodzenia ) VALUES ( 'KAROLINA', 'ŁUCZAK', 84011317285, 'K', '1984-01-13');
INSERT INTO "public".wiezniowie(imie, nazwisko, pesel, plec, data_urodzenia ) VALUES ( 'HANNA', 'MACIEJEWSKA', 76070768625, 'K', '1976-07-07');
INSERT INTO "public".wiezniowie(imie, nazwisko, pesel, plec, data_urodzenia ) VALUES ( 'BARTOSZ', 'DOMAŃSKI', 88011040673, 'M', '1988-01-10');
INSERT INTO "public".wiezniowie(imie, nazwisko, pesel, plec, data_urodzenia ) VALUES ( 'ZBIGNIEW', 'PIĄTEK', 66101722173, 'M', '1966-10-17');
INSERT INTO "public".wiezniowie(imie, nazwisko, pesel, plec, data_urodzenia ) VALUES ( 'KRZYSZTOF', 'ZAJĄC', 91052574131, 'M', '1991-05-25');
INSERT INTO "public".wiezniowie(imie, nazwisko, pesel, plec, data_urodzenia ) VALUES ( 'WOJCIECH', 'ZAJĄC', 82111294158, 'M', '1982-11-12');
INSERT INTO "public".wiezniowie(imie, nazwisko, pesel, plec, data_urodzenia ) VALUES ( 'KACPER', 'SZCZEPANIAK', 84080165855, 'M', '1984-08-01');
INSERT INTO "public".wiezniowie(imie, nazwisko, pesel, plec, data_urodzenia ) VALUES ( 'MIROSŁAW', 'JASIŃSKI', 88052547470, 'M', '1988-05-25');
INSERT INTO "public".wiezniowie(imie, nazwisko, pesel, plec, data_urodzenia ) VALUES ( 'BARBARA', 'DĄBROWSKA', 98041302423, 'K', '1998-04-13');
INSERT INTO "public".wiezniowie(imie, nazwisko, pesel, plec, data_urodzenia ) VALUES ( 'ZUZANNA', 'MRÓZ', 73052876420, 'K', '1973-05-28');
INSERT INTO "public".wiezniowie(imie, nazwisko, pesel, plec, data_urodzenia ) VALUES ( 'BEATA', 'BARANOWSKA', 85020560149, 'K', '1985-02-05');
INSERT INTO "public".wiezniowie(imie, nazwisko, pesel, plec, data_urodzenia ) VALUES ( 'DAWID', 'SZCZEPAŃSKI', 82122595952, 'M', '1982-12-25');
INSERT INTO "public".wiezniowie(imie, nazwisko, pesel, plec, data_urodzenia ) VALUES ( 'MONIKA', 'JABŁOŃSKA', 85110681244, 'K', '1985-11-06');
INSERT INTO "public".wiezniowie(imie, nazwisko, pesel, plec, data_urodzenia ) VALUES ( 'GRZEGORZ', 'DĄBROWSKI', 87041861597, 'M', '1987-04-18');
INSERT INTO "public".wiezniowie(imie, nazwisko, pesel, plec, data_urodzenia ) VALUES ( 'KRZYSZTOF', 'NAWROCKI', 68041188859, 'M', '1968-04-11');
INSERT INTO "public".wiezniowie(imie, nazwisko, pesel, plec, data_urodzenia ) VALUES ( 'KACPER', 'JANIK', 89110853218, 'M', '1989-11-08');
INSERT INTO "public".wiezniowie(imie, nazwisko, pesel, plec, data_urodzenia ) VALUES ( 'GRAŻYNA', 'URBANIAK', 89060355644, 'K', '1989-06-03');
INSERT INTO "public".wiezniowie(imie, nazwisko, pesel, plec, data_urodzenia ) VALUES ( 'MAŁGORZATA', 'RUTKOWSKA', 74120243760, 'K', '1974-12-02');
INSERT INTO "public".wiezniowie(imie, nazwisko, pesel, plec, data_urodzenia ) VALUES ( 'ŁUKASZ', 'KUCHARSKI', 69030232692, 'M', '1969-03-02');
INSERT INTO "public".wiezniowie(imie, nazwisko, pesel, plec, data_urodzenia ) VALUES ( 'MICHAŁ', 'KRAJEWSKI', 75020789613, 'M', '1975-02-07');
INSERT INTO "public".wiezniowie(imie, nazwisko, pesel, plec, data_urodzenia ) VALUES ( 'IRENA', 'KUREK', 76082126321, 'K', '1976-08-21');
INSERT INTO "public".wiezniowie(imie, nazwisko, pesel, plec, data_urodzenia ) VALUES ( 'ELŻBIETA', 'KACZMARCZYK', 84041955525, 'K', '1984-04-19');
INSERT INTO "public".wiezniowie(imie, nazwisko, pesel, plec, data_urodzenia ) VALUES ( 'MARCIN', 'TOMASZEWSKI', 92032582113, 'M', '1992-03-25');
INSERT INTO "public".wiezniowie(imie, nazwisko, pesel, plec, data_urodzenia ) VALUES ( 'RAFAŁ', 'CIEŚLAK', 88111978416, 'M', '1988-11-19');
INSERT INTO "public".wiezniowie(imie, nazwisko, pesel, plec, data_urodzenia ) VALUES ( 'PAWEŁ', 'KALINOWSKI', 74090500678, 'M', '1974-09-05');
INSERT INTO "public".wiezniowie(imie, nazwisko, pesel, plec, data_urodzenia ) VALUES ( 'TERESA', 'LIS', 76110134108, 'K', '1976-11-01');
INSERT INTO "public".wiezniowie(imie, nazwisko, pesel, plec, data_urodzenia ) VALUES ( 'AGATA', 'WILK', 84041458905, 'K', '1984-04-14');
INSERT INTO "public".wiezniowie(imie, nazwisko, pesel, plec, data_urodzenia ) VALUES ( 'MARTA', 'STĘPIEŃ', 60082645108, 'K', '1960-08-26');
INSERT INTO "public".wiezniowie(imie, nazwisko, pesel, plec, data_urodzenia ) VALUES ( 'GRZEGORZ', 'STANKIEWICZ', 89102063052, 'M', '1989-10-20');
INSERT INTO "public".wiezniowie(imie, nazwisko, pesel, plec, data_urodzenia ) VALUES ( 'DOROTA', 'MRÓZ', 85032504649, 'K', '1985-03-25');
INSERT INTO "public".wiezniowie(imie, nazwisko, pesel, plec, data_urodzenia ) VALUES ( 'EWA', 'WÓJTOWICZ', 68070982822, 'K', '1968-07-09');
INSERT INTO "public".wiezniowie(imie, nazwisko, pesel, plec, data_urodzenia ) VALUES ( 'ANDRZEJ', 'KOWALEWSKI', 94111852159, 'M', '1994-11-18');
INSERT INTO "public".wiezniowie(imie, nazwisko, pesel, plec, data_urodzenia ) VALUES ( 'WOJCIECH', 'SZEWCZYK', 71011753274, 'M', '1971-01-17');
INSERT INTO "public".wiezniowie(imie, nazwisko, pesel, plec, data_urodzenia ) VALUES ( 'ALICJA', 'MALINOWSKA', 66121249401, 'K', '1966-12-12');
INSERT INTO "public".wiezniowie(imie, nazwisko, pesel, plec, data_urodzenia ) VALUES ( 'MONIKA', 'MIKOŁAJCZYK', 94030838081, 'K', '1994-03-08');
INSERT INTO "public".wiezniowie(imie, nazwisko, pesel, plec, data_urodzenia ) VALUES ( 'JADWIGA', 'LIPIŃSKA', 90040351149, 'K', '1990-04-03');
INSERT INTO "public".wiezniowie(imie, nazwisko, pesel, plec, data_urodzenia ) VALUES ( 'BEATA', 'WRÓBLEWSKA', 71042061445, 'K', '1971-04-20');
INSERT INTO "public".wiezniowie(imie, nazwisko, pesel, plec, data_urodzenia ) VALUES ( 'WIKTORIA', 'BARANOWSKA', 64010656280, 'K', '1964-01-06');
INSERT INTO "public".wiezniowie(imie, nazwisko, pesel, plec, data_urodzenia ) VALUES ( 'GRAŻYNA', 'KRAJEWSKA', 70022008063, 'K', '1970-02-20');
INSERT INTO "public".wiezniowie(imie, nazwisko, pesel, plec, data_urodzenia ) VALUES ( 'ANNA', 'ADAMSKA', 77011355584, 'K', '1977-01-13');
INSERT INTO "public".wiezniowie(imie, nazwisko, pesel, plec, data_urodzenia ) VALUES ( 'DAMIAN', 'BARAN', 66102879997, 'M', '1966-10-28');
INSERT INTO "public".wiezniowie(imie, nazwisko, pesel, plec, data_urodzenia ) VALUES ( 'URSZULA', 'STASIAK', 99042360869, 'K', '1999-04-23');
INSERT INTO "public".wiezniowie(imie, nazwisko, pesel, plec, data_urodzenia ) VALUES ( 'STANISŁAW', 'KOZAK', 73012482175, 'M', '1973-01-24');
INSERT INTO "public".wiezniowie(imie, nazwisko, pesel, plec, data_urodzenia ) VALUES ( 'JANUSZ', 'KOPEĆ', 93110814733, 'M', '1993-11-08');
INSERT INTO "public".wiezniowie(imie, nazwisko, pesel, plec, data_urodzenia ) VALUES ( 'TOMASZ', 'KUREK', 71020569233, 'M', '1971-02-05');
INSERT INTO "public".wiezniowie(imie, nazwisko, pesel, plec, data_urodzenia ) VALUES ( 'JERZY', 'BĄK', 64011228734, 'M', '1964-01-12');
INSERT INTO "public".wiezniowie(imie, nazwisko, pesel, plec, data_urodzenia ) VALUES ( 'TADEUSZ', 'ŁUCZAK', 91071054577, 'M', '1991-07-10');
INSERT INTO "public".wiezniowie(imie, nazwisko, pesel, plec, data_urodzenia ) VALUES ( 'ANDRZEJ', 'ORŁOWSKI', 90021794811, 'M', '1990-02-17');
INSERT INTO "public".wiezniowie(imie, nazwisko, pesel, plec, data_urodzenia ) VALUES ( 'TADEUSZ', 'KRÓL', 71081126914, 'M', '1971-08-11');
INSERT INTO "public".wiezniowie(imie, nazwisko, pesel, plec, data_urodzenia ) VALUES ( 'JERZY', 'KRUK', 72120142850, 'M', '1972-12-01');
INSERT INTO "public".wiezniowie(imie, nazwisko, pesel, plec, data_urodzenia ) VALUES ( 'BOŻENA', 'CIESIELSKA', 84062565224, 'K', '1984-06-25');
INSERT INTO "public".wiezniowie(imie, nazwisko, pesel, plec, data_urodzenia ) VALUES ( 'PATRYK', 'ZIELIŃSKI', 81060896356, 'M', '1981-06-08');
INSERT INTO "public".wiezniowie(imie, nazwisko, pesel, plec, data_urodzenia ) VALUES ( 'BOŻENA', 'WAWRZYNIAK', 78060970405, 'K', '1978-06-09');
INSERT INTO "public".wiezniowie(imie, nazwisko, pesel, plec, data_urodzenia ) VALUES ( 'DOROTA', 'JASTRZĘBSKA', 70091489002, 'K', '1970-09-14');
INSERT INTO "public".wiezniowie(imie, nazwisko, pesel, plec, data_urodzenia ) VALUES ( 'ADAM', 'MUCHA', 61032058456, 'M', '1961-03-20');
INSERT INTO "public".wiezniowie(imie, nazwisko, pesel, plec, data_urodzenia ) VALUES ( 'BOŻENA', 'KRUPA', 87090462527, 'K', '1987-09-04');
INSERT INTO "public".wiezniowie(imie, nazwisko, pesel, plec, data_urodzenia ) VALUES ( 'DOROTA', 'MIKOŁAJCZYK', 82091669508, 'K', '1982-09-16');
INSERT INTO "public".wiezniowie(imie, nazwisko, pesel, plec, data_urodzenia ) VALUES ( 'GRAŻYNA', 'URBANIAK', 72122858665, 'K', '1972-12-28');
INSERT INTO "public".wiezniowie(imie, nazwisko, pesel, plec, data_urodzenia ) VALUES ( 'WIKTORIA', 'JAKUBOWSKA', 66041854363, 'K', '1966-04-18');
INSERT INTO "public".wiezniowie(imie, nazwisko, pesel, plec, data_urodzenia ) VALUES ( 'KACPER', 'STĘPIEŃ', 83102560571, 'M', '1983-10-25');
INSERT INTO "public".wiezniowie(imie, nazwisko, pesel, plec, data_urodzenia ) VALUES ( 'AGNIESZKA', 'MUSIAŁ', 87011989403, 'K', '1987-01-19');
INSERT INTO "public".wiezniowie(imie, nazwisko, pesel, plec, data_urodzenia ) VALUES ( 'KACPER', 'BORKOWSKI', 70110108439, 'M', '1970-11-01');
INSERT INTO "public".wiezniowie(imie, nazwisko, pesel, plec, data_urodzenia ) VALUES ( 'ZOFIA', 'MALINOWSKA', 77022561266, 'K', '1977-02-25');
INSERT INTO "public".wiezniowie(imie, nazwisko, pesel, plec, data_urodzenia ) VALUES ( 'JULIA', 'JAWORSKA', 60052538566, 'K', '1960-05-25');
INSERT INTO "public".wiezniowie(imie, nazwisko, pesel, plec, data_urodzenia ) VALUES ( 'JÓZEF', 'WRÓBLEWSKI', 79031632995, 'M', '1979-03-16');
INSERT INTO "public".wiezniowie(imie, nazwisko, pesel, plec, data_urodzenia ) VALUES ( 'MARIA', 'STASIAK', 81081647700, 'K', '1981-08-16');
INSERT INTO "public".wiezniowie(imie, nazwisko, pesel, plec, data_urodzenia ) VALUES ( 'BARBARA', 'SZEWCZYK', 86021874020, 'K', '1986-02-18');
INSERT INTO "public".wiezniowie(imie, nazwisko, pesel, plec, data_urodzenia ) VALUES ( 'MATEUSZ', 'OSTROWSKI', 84050289934, 'M', '1984-05-02');
INSERT INTO "public".wiezniowie(imie, nazwisko, pesel, plec, data_urodzenia ) VALUES ( 'JOLANTA', 'ŁUCZAK', 91070589966, 'K', '1991-07-05');
INSERT INTO "public".wiezniowie(imie, nazwisko, pesel, plec, data_urodzenia ) VALUES ( 'SŁAWOMIR', 'CZAJKOWSKI', 60050944138, 'M', '1960-05-09');
INSERT INTO "public".wiezniowie(imie, nazwisko, pesel, plec, data_urodzenia ) VALUES ( 'PATRYK', 'WÓJTOWICZ', 93032335176, 'M', '1993-03-23');
INSERT INTO "public".wiezniowie(imie, nazwisko, pesel, plec, data_urodzenia ) VALUES ( 'STANISŁAW', 'KRAWCZYK', 83040480238, 'M', '1983-04-04');
INSERT INTO "public".wiezniowie(imie, nazwisko, pesel, plec, data_urodzenia ) VALUES ( 'JANUSZ', 'LESZCZYŃSKI', 69020633379, 'M', '1969-02-06');
INSERT INTO "public".wiezniowie(imie, nazwisko, pesel, plec, data_urodzenia ) VALUES ( 'TERESA', 'MIKOŁAJCZYK', 74111365107, 'K', '1974-11-13');
INSERT INTO "public".wiezniowie(imie, nazwisko, pesel, plec, data_urodzenia ) VALUES ( 'TERESA', 'WASILEWSKA', 65121554823, 'K', '1965-12-15');
INSERT INTO "public".wiezniowie(imie, nazwisko, pesel, plec, data_urodzenia ) VALUES ( 'ZBIGNIEW', 'ZALEWSKI', 86051514772, 'M', '1986-05-15');
INSERT INTO "public".wiezniowie(imie, nazwisko, pesel, plec, data_urodzenia ) VALUES ( 'IWONA', 'MIKOŁAJCZYK', 67020520860, 'K', '1967-02-05');
INSERT INTO "public".wiezniowie(imie, nazwisko, pesel, plec, data_urodzenia ) VALUES ( 'BARBARA', 'LASKOWSKA', 64110299204, 'K', '1964-11-02');
INSERT INTO "public".wiezniowie(imie, nazwisko, pesel, plec, data_urodzenia ) VALUES ( 'TADEUSZ', 'SZYMCZAK', 67082216330, 'M', '1967-08-22');
INSERT INTO "public".wiezniowie(imie, nazwisko, pesel, plec, data_urodzenia ) VALUES ( 'MARIA', 'GŁOWACKA', 75022853583, 'K', '1975-02-28');
INSERT INTO "public".wiezniowie(imie, nazwisko, pesel, plec, data_urodzenia ) VALUES ( 'HANNA', 'BOROWSKA', 84021589764, 'K', '1984-02-15');
INSERT INTO "public".wiezniowie(imie, nazwisko, pesel, plec, data_urodzenia ) VALUES ( 'DAWID', 'TOMASZEWSKI', 68081423172, 'M', '1968-08-14');
INSERT INTO "public".wiezniowie(imie, nazwisko, pesel, plec, data_urodzenia ) VALUES ( 'GRZEGORZ', 'WIŚNIEWSKI', 64012213674, 'M', '1964-01-22');
INSERT INTO "public".wiezniowie(imie, nazwisko, pesel, plec, data_urodzenia ) VALUES ( 'MONIKA', 'LESZCZYŃSKA', 82082005465, 'K', '1982-08-20');
INSERT INTO "public".wiezniowie(imie, nazwisko, pesel, plec, data_urodzenia ) VALUES ( 'MIROSŁAW', 'ZAJĄC', 88012456655, 'M', '1988-01-24');
INSERT INTO "public".wiezniowie(imie, nazwisko, pesel, plec, data_urodzenia ) VALUES ( 'AGATA', 'MICHALAK', 83050708241, 'K', '1983-05-07');
INSERT INTO "public".wiezniowie(imie, nazwisko, pesel, plec, data_urodzenia ) VALUES ( 'IWONA', 'MARCINIAK', 85040596047, 'K', '1985-04-05');
INSERT INTO "public".wiezniowie(imie, nazwisko, pesel, plec, data_urodzenia ) VALUES ( 'ADAM', 'LEWANDOWSKI', 86051451118, 'M', '1986-05-14');
INSERT INTO "public".wiezniowie(imie, nazwisko, pesel, plec, data_urodzenia ) VALUES ( 'ZOFIA', 'SOWA', 98101156564, 'K', '1998-10-11');
INSERT INTO "public".wiezniowie(imie, nazwisko, pesel, plec, data_urodzenia ) VALUES ( 'NATALIA', 'WRÓBLEWSKA', 84091884040, 'K', '1984-09-18');
INSERT INTO "public".wiezniowie(imie, nazwisko, pesel, plec, data_urodzenia ) VALUES ( 'PATRYK', 'MAZUREK', 69040818756, 'M', '1969-04-08');
INSERT INTO "public".wiezniowie(imie, nazwisko, pesel, plec, data_urodzenia ) VALUES ( 'JAKUB', 'PIOTROWSKI', 94020381557, 'M', '1994-02-03');
INSERT INTO "public".wiezniowie(imie, nazwisko, pesel, plec, data_urodzenia ) VALUES ( 'STANISŁAW', 'WŁODARCZYK', 72072384636, 'M', '1972-07-23');
INSERT INTO "public".wiezniowie(imie, nazwisko, pesel, plec, data_urodzenia ) VALUES ( 'URSZULA', 'KALINOWSKA', 77101800321, 'K', '1977-10-18');
INSERT INTO "public".wiezniowie(imie, nazwisko, pesel, plec, data_urodzenia ) VALUES ( 'BEATA', 'SOKOŁOWSKA', 79112121286, 'K', '1979-11-21');
INSERT INTO "public".wiezniowie(imie, nazwisko, pesel, plec, data_urodzenia ) VALUES ( 'IWONA', 'PIETRZAK', 97110852007, 'K', '1997-11-08');
INSERT INTO "public".wiezniowie(imie, nazwisko, pesel, plec, data_urodzenia ) VALUES ( 'KRYSTYNA', 'WRÓBLEWSKA', 85040326660, 'K', '1985-04-03');
INSERT INTO "public".wiezniowie(imie, nazwisko, pesel, plec, data_urodzenia ) VALUES ( 'PIOTR', 'KOWALIK', 87101956335, 'M', '1987-10-19');
INSERT INTO "public".wiezniowie(imie, nazwisko, pesel, plec, data_urodzenia ) VALUES ( 'MAGDALENA', 'KAŹMIERCZAK', 84102686522, 'K', '1984-10-26');
INSERT INTO "public".wiezniowie(imie, nazwisko, pesel, plec, data_urodzenia ) VALUES ( 'JAKUB', 'BRZOZOWSKI', 66112683878, 'M', '1966-11-26');
INSERT INTO "public".wiezniowie(imie, nazwisko, pesel, plec, data_urodzenia ) VALUES ( 'MAŁGORZATA', 'KOWALIK', 62101486947, 'K', '1962-10-14');
INSERT INTO "public".wiezniowie(imie, nazwisko, pesel, plec, data_urodzenia ) VALUES ( 'MACIEJ', 'MICHALAK', 69011289530, 'M', '1969-01-12');
INSERT INTO "public".wiezniowie(imie, nazwisko, pesel, plec, data_urodzenia ) VALUES ( 'DAWID', 'TOMCZYK', 79040450874, 'M', '1979-04-04');
INSERT INTO "public".wiezniowie(imie, nazwisko, pesel, plec, data_urodzenia ) VALUES ( 'JANUSZ', 'OSTROWSKI', 75100669659, 'M', '1975-10-06');
INSERT INTO "public".wiezniowie(imie, nazwisko, pesel, plec, data_urodzenia ) VALUES ( 'MARIA', 'KUCHARSKA', 78020655409, 'K', '1978-02-06');
INSERT INTO "public".wiezniowie(imie, nazwisko, pesel, plec, data_urodzenia ) VALUES ( 'MARIA', 'MICHALAK', 90042741227, 'K', '1990-04-27');
INSERT INTO "public".wiezniowie(imie, nazwisko, pesel, plec, data_urodzenia ) VALUES ( 'BEATA', 'MACIEJEWSKA', 61071263323, 'K', '1961-07-12');
INSERT INTO "public".wiezniowie(imie, nazwisko, pesel, plec, data_urodzenia ) VALUES ( 'MICHAŁ', 'SZYMCZAK', 61060399332, 'M', '1961-06-03');


INSERT INTO "public".wiezniowie_wyroki( id_wyroku ,id_wieznia, data_skazania ) VALUES ( 1, 1, '2017-08-19'); 
INSERT INTO "public".historia_wyroku( id_wyroku, data_orzekniecia, dlugosc_wyroku ) VALUES (1, '2017-08-19', '11 years'); 
INSERT INTO "public".historia_wiezniowie( id_wieznia, data_rozpoczecia, data_zakonczenia, powod ) VALUES (1, '2017-08-20', '2021-10-16', 3);
SELECT wywal_wieznia( 1, '2021-10-16' );
INSERT INTO "public".wiezniowie_wyroki( id_wyroku ,id_wieznia, data_skazania ) VALUES ( 2, 2, '2019-11-15'); 
INSERT INTO "public".historia_wyroku( id_wyroku, data_orzekniecia, dlugosc_wyroku ) VALUES (2, '2019-11-15', '11 years'); 
INSERT INTO "public".historia_wiezniowie( id_wieznia, data_rozpoczecia ) VALUES (2, '2019-11-16');
INSERT INTO "public".wiezniowie_wyroki( id_wyroku ,id_wieznia, data_skazania ) VALUES ( 3, 3, '2020-05-09'); 
INSERT INTO "public".historia_wyroku( id_wyroku, data_orzekniecia, dlugosc_wyroku ) VALUES (3, '2020-05-09', '5 years'); 
INSERT INTO "public".historia_wiezniowie( id_wieznia, data_rozpoczecia ) VALUES (3, '2020-05-10');
INSERT INTO "public".wiezniowie_wyroki( id_wyroku ,id_wieznia, data_skazania ) VALUES ( 4, 4, '2019-02-04'); 
INSERT INTO "public".historia_wyroku( id_wyroku, data_orzekniecia, dlugosc_wyroku ) VALUES (4, '2019-02-04', '10 years'); 
INSERT INTO "public".historia_wiezniowie( id_wieznia, data_rozpoczecia ) VALUES (4, '2019-02-05'); 
INSERT INTO "public".wiezniowie_gangi( id_wieznia, id_gangu, data_przystapienia ) VALUES (4, 3, '2021-02-24');
INSERT INTO "public".wiezniowie_wyroki( id_wyroku ,id_wieznia, data_skazania ) VALUES ( 5, 5, '2015-02-04'); 
INSERT INTO "public".historia_wyroku( id_wyroku, data_orzekniecia, dlugosc_wyroku ) VALUES (5, '2015-02-04', '6 years'); 
INSERT INTO "public".historia_wiezniowie( id_wieznia, data_rozpoczecia, data_zakonczenia, powod ) VALUES (5, '2015-02-04', '2021-03-4', 1 ); 
SELECT wywal_wieznia( 5, '2021-03-4' );
INSERT INTO "public".wiezniowie_wyroki( id_wyroku ,id_wieznia, data_skazania ) VALUES ( 6, 6, '2016-09-07'); 
INSERT INTO "public".historia_wyroku( id_wyroku, data_orzekniecia, dlugosc_wyroku ) VALUES (6, '2016-09-07', '15 years'); 
INSERT INTO "public".historia_wiezniowie( id_wieznia, data_rozpoczecia ) VALUES (6, '2016-09-08');
INSERT INTO "public".wiezniowie_wyroki( id_wyroku ,id_wieznia, data_skazania ) VALUES ( 7, 7, '2019-04-01'); 
INSERT INTO "public".historia_wyroku( id_wyroku, data_orzekniecia, dlugosc_wyroku ) VALUES (7, '2019-04-01', '6 months'); 
INSERT INTO "public".historia_wiezniowie( id_wieznia, data_rozpoczecia, data_zakonczenia, powod ) VALUES (7, '2019-04-01', '2019-11-1', 1 ); 
SELECT wywal_wieznia( 7, '2019-11-1' );
INSERT INTO "public".wiezniowie_wyroki( id_wyroku ,id_wieznia, data_skazania ) VALUES ( 8, 8, '2015-01-05'); 
INSERT INTO "public".historia_wyroku( id_wyroku, data_orzekniecia, dlugosc_wyroku ) VALUES (8, '2015-01-05', '12 years'); 
INSERT INTO "public".historia_wiezniowie( id_wieznia, data_rozpoczecia ) VALUES (8, '2015-01-06'); 
INSERT INTO "public".wiezniowie_gangi( id_wieznia, id_gangu, data_przystapienia ) VALUES (8, 2, '2017-12-18');
INSERT INTO "public".wiezniowie_wyroki( id_wyroku ,id_wieznia, data_skazania ) VALUES ( 9, 9, '2019-12-28'); 
INSERT INTO "public".historia_wyroku( id_wyroku, data_orzekniecia, dlugosc_wyroku ) VALUES (9, '2019-12-28', '7 years'); 
INSERT INTO "public".historia_wiezniowie( id_wieznia, data_rozpoczecia ) VALUES (9, '2019-12-29');
INSERT INTO "public".wiezniowie_wyroki( id_wyroku ,id_wieznia, data_skazania ) VALUES ( 10, 10, '2018-05-07'); 
INSERT INTO "public".historia_wyroku( id_wyroku, data_orzekniecia, dlugosc_wyroku ) VALUES (10, '2018-05-07', '15 years'); 
INSERT INTO "public".historia_wiezniowie( id_wieznia, data_rozpoczecia ) VALUES (10, '2018-05-08');
INSERT INTO "public".wiezniowie_wyroki( id_wyroku ,id_wieznia, data_skazania ) VALUES ( 11, 11, '2020-11-10'); 
INSERT INTO "public".historia_wyroku( id_wyroku, data_orzekniecia, dlugosc_wyroku ) VALUES (11, '2020-11-10', '13 years'); 
INSERT INTO "public".historia_wiezniowie( id_wieznia, data_rozpoczecia ) VALUES (11, '2020-11-11');
INSERT INTO "public".wiezniowie_wyroki( id_wyroku ,id_wieznia, data_skazania ) VALUES ( 12, 12, '2018-03-27'); 
INSERT INTO "public".historia_wyroku( id_wyroku, data_orzekniecia, dlugosc_wyroku ) VALUES (12, '2018-03-27', '15 years'); 
INSERT INTO "public".historia_wiezniowie( id_wieznia, data_rozpoczecia ) VALUES (12, '2018-03-28'); 
INSERT INTO "public".wiezniowie_gangi( id_wieznia, id_gangu, data_przystapienia ) VALUES (12, 3, '2019-10-21');
INSERT INTO "public".wiezniowie_wyroki( id_wyroku ,id_wieznia, data_skazania ) VALUES ( 13, 13, '2020-05-03'); 
INSERT INTO "public".historia_wyroku( id_wyroku, data_orzekniecia, dlugosc_wyroku ) VALUES (13, '2020-05-03', '5 years'); 
INSERT INTO "public".historia_wiezniowie( id_wieznia, data_rozpoczecia ) VALUES (13, '2020-05-04');
INSERT INTO "public".wiezniowie_wyroki( id_wyroku ,id_wieznia, data_skazania ) VALUES ( 14, 14, '2020-08-05'); 
INSERT INTO "public".historia_wyroku( id_wyroku, data_orzekniecia, dlugosc_wyroku ) VALUES (14, '2020-08-05', '6 months'); 
INSERT INTO "public".historia_wiezniowie( id_wieznia, data_rozpoczecia, data_zakonczenia, powod ) VALUES (14, '2020-08-05', '2021-03-5', 1 ); 
SELECT wywal_wieznia( 14, '2021-03-5' );
INSERT INTO "public".wiezniowie_wyroki( id_wyroku ,id_wieznia, data_skazania ) VALUES ( 15, 15, '2015-03-15'); 
INSERT INTO "public".historia_wyroku( id_wyroku, data_orzekniecia, dlugosc_wyroku ) VALUES (15, '2015-03-15', '11 years'); 
INSERT INTO "public".historia_wiezniowie( id_wieznia, data_rozpoczecia ) VALUES (15, '2015-03-16');
INSERT INTO "public".wiezniowie_wyroki( id_wyroku ,id_wieznia, data_skazania ) VALUES ( 16, 16, '2016-02-14'); 
INSERT INTO "public".historia_wyroku( id_wyroku, data_orzekniecia, dlugosc_wyroku ) VALUES (16, '2016-02-14', '13 years'); 
INSERT INTO "public".historia_wiezniowie( id_wieznia, data_rozpoczecia ) VALUES (16, '2016-02-15'); 
INSERT INTO "public".wiezniowie_gangi( id_wieznia, id_gangu, data_przystapienia ) VALUES (16, 2, '2018-02-13');
INSERT INTO "public".wiezniowie_wyroki( id_wyroku ,id_wieznia, data_skazania ) VALUES ( 17, 17, '2018-05-02'); 
INSERT INTO "public".historia_wyroku( id_wyroku, data_orzekniecia, dlugosc_wyroku ) VALUES (17, '2018-05-02', '4 years'); 
INSERT INTO "public".historia_wiezniowie( id_wieznia, data_rozpoczecia, data_zakonczenia, powod ) VALUES (17, '2018-05-02', '2022-06-2', 1 ); 
SELECT wywal_wieznia( 17, '2022-06-2' );
INSERT INTO "public".wiezniowie_wyroki( id_wyroku ,id_wieznia, data_skazania ) VALUES ( 18, 18, '2019-01-11'); 
INSERT INTO "public".historia_wyroku( id_wyroku, data_orzekniecia, dlugosc_wyroku ) VALUES (18, '2019-01-11', '5 years'); 
INSERT INTO "public".historia_wiezniowie( id_wieznia, data_rozpoczecia ) VALUES (18, '2019-01-12');
INSERT INTO "public".wiezniowie_wyroki( id_wyroku ,id_wieznia, data_skazania ) VALUES ( 19, 19, '2020-04-09'); 
INSERT INTO "public".historia_wyroku( id_wyroku, data_orzekniecia, dlugosc_wyroku ) VALUES (19, '2020-04-09', '11 years'); 
INSERT INTO "public".historia_wiezniowie( id_wieznia, data_rozpoczecia ) VALUES (19, '2020-04-10');
INSERT INTO "public".wiezniowie_wyroki( id_wyroku ,id_wieznia, data_skazania ) VALUES ( 20, 20, '2018-11-21'); 
INSERT INTO "public".historia_wyroku( id_wyroku, data_orzekniecia, dlugosc_wyroku ) VALUES (20, '2018-11-21', '11 years'); 
INSERT INTO "public".historia_wiezniowie( id_wieznia, data_rozpoczecia ) VALUES (20, '2018-11-22'); 
INSERT INTO "public".wiezniowie_gangi( id_wieznia, id_gangu, data_przystapienia ) VALUES (20, 1, '2019-10-25');
INSERT INTO "public".wiezniowie_wyroki( id_wyroku ,id_wieznia, data_skazania ) VALUES ( 21, 21, '2016-09-15'); 
INSERT INTO "public".historia_wyroku( id_wyroku, data_orzekniecia, dlugosc_wyroku ) VALUES (21, '2016-09-15', '2 years'); 
INSERT INTO "public".historia_wiezniowie( id_wieznia, data_rozpoczecia, data_zakonczenia, powod ) VALUES (21, '2016-09-15', '2018-10-15', 1 ); 
SELECT wywal_wieznia( 21, '2018-10-15' );
INSERT INTO "public".wiezniowie_wyroki( id_wyroku ,id_wieznia, data_skazania ) VALUES ( 22, 22, '2018-09-21'); 
INSERT INTO "public".historia_wyroku( id_wyroku, data_orzekniecia, dlugosc_wyroku ) VALUES (22, '2018-09-21', '15 years'); 
INSERT INTO "public".historia_wiezniowie( id_wieznia, data_rozpoczecia ) VALUES (22, '2018-09-22');
INSERT INTO "public".wiezniowie_wyroki( id_wyroku ,id_wieznia, data_skazania ) VALUES ( 23, 23, '2017-03-17'); 
INSERT INTO "public".historia_wyroku( id_wyroku, data_orzekniecia, dlugosc_wyroku ) VALUES (23, '2017-03-17', '2 years'); 
INSERT INTO "public".historia_wiezniowie( id_wieznia, data_rozpoczecia, data_zakonczenia, powod ) VALUES (23, '2017-03-17', '2019-04-17', 1 ); 
SELECT wywal_wieznia( 23, '2019-04-17' );
INSERT INTO "public".wiezniowie_wyroki( id_wyroku ,id_wieznia, data_skazania ) VALUES ( 24, 24, '2019-04-15'); 
INSERT INTO "public".historia_wyroku( id_wyroku, data_orzekniecia, dlugosc_wyroku ) VALUES (24, '2019-04-15', '6 months'); 
INSERT INTO "public".historia_wiezniowie( id_wieznia, data_rozpoczecia, data_zakonczenia, powod ) VALUES (24, '2019-04-15', '2019-11-15', 1 ); 
SELECT wywal_wieznia( 24, '2019-11-15' );
INSERT INTO "public".wiezniowie_wyroki( id_wyroku ,id_wieznia, data_skazania ) VALUES ( 25, 25, '2016-06-10'); 
INSERT INTO "public".historia_wyroku( id_wyroku, data_orzekniecia, dlugosc_wyroku ) VALUES (25, '2016-06-10', '12 years'); 
INSERT INTO "public".historia_wiezniowie( id_wieznia, data_rozpoczecia ) VALUES (25, '2016-06-11');
INSERT INTO "public".wiezniowie_wyroki( id_wyroku ,id_wieznia, data_skazania ) VALUES ( 26, 26, '2018-02-28'); 
INSERT INTO "public".historia_wyroku( id_wyroku, data_orzekniecia, dlugosc_wyroku ) VALUES (26, '2018-02-28', '12 years'); 
INSERT INTO "public".historia_wiezniowie( id_wieznia, data_rozpoczecia ) VALUES (26, '2018-02-28');
INSERT INTO "public".wiezniowie_wyroki( id_wyroku ,id_wieznia, data_skazania ) VALUES ( 27, 27, '2019-10-20'); 
INSERT INTO "public".historia_wyroku( id_wyroku, data_orzekniecia, dlugosc_wyroku ) VALUES (27, '2019-10-20', '6 months'); 
INSERT INTO "public".historia_wiezniowie( id_wieznia, data_rozpoczecia, data_zakonczenia, powod ) VALUES (27, '2019-10-20', '2020-05-20', 1 ); 
SELECT wywal_wieznia( 27, '2020-05-20' );
INSERT INTO "public".wiezniowie_wyroki( id_wyroku ,id_wieznia, data_skazania ) VALUES ( 28, 28, '2016-10-01'); 
INSERT INTO "public".historia_wyroku( id_wyroku, data_orzekniecia, dlugosc_wyroku ) VALUES (28, '2016-10-01', '6 years'); 
INSERT INTO "public".historia_wiezniowie( id_wieznia, data_rozpoczecia ) VALUES (28, '2016-10-02'); 
INSERT INTO "public".wiezniowie_gangi( id_wieznia, id_gangu, data_przystapienia ) VALUES (28, 1, '2018-03-5');
INSERT INTO "public".wiezniowie_wyroki( id_wyroku ,id_wieznia, data_skazania ) VALUES ( 29, 29, '2018-12-19'); 
INSERT INTO "public".historia_wyroku( id_wyroku, data_orzekniecia, dlugosc_wyroku ) VALUES (29, '2018-12-19', '6 months'); 
INSERT INTO "public".historia_wiezniowie( id_wieznia, data_rozpoczecia, data_zakonczenia, powod ) VALUES (29, '2018-12-19', '2019-07-19', 1 ); 
SELECT wywal_wieznia( 29, '2019-07-19' );
INSERT INTO "public".wiezniowie_wyroki( id_wyroku ,id_wieznia, data_skazania ) VALUES ( 30, 30, '2019-07-19'); 
INSERT INTO "public".historia_wyroku( id_wyroku, data_orzekniecia, dlugosc_wyroku ) VALUES (30, '2019-07-19', '6 months'); 
INSERT INTO "public".historia_wiezniowie( id_wieznia, data_rozpoczecia, data_zakonczenia, powod ) VALUES (30, '2019-07-19', '2020-02-19', 1 ); 
SELECT wywal_wieznia( 30, '2020-02-19' );
INSERT INTO "public".wiezniowie_wyroki( id_wyroku ,id_wieznia, data_skazania ) VALUES ( 31, 31, '2019-09-05'); 
INSERT INTO "public".historia_wyroku( id_wyroku, data_orzekniecia, dlugosc_wyroku ) VALUES (31, '2019-09-05', '8 years'); 
INSERT INTO "public".historia_wiezniowie( id_wieznia, data_rozpoczecia ) VALUES (31, '2019-09-06');
INSERT INTO "public".wiezniowie_wyroki( id_wyroku ,id_wieznia, data_skazania ) VALUES ( 32, 32, '2016-08-05'); 
INSERT INTO "public".historia_wyroku( id_wyroku, data_orzekniecia, dlugosc_wyroku ) VALUES (32, '2016-08-05', '3 years'); 
INSERT INTO "public".historia_wiezniowie( id_wieznia, data_rozpoczecia, data_zakonczenia, powod ) VALUES (32, '2016-08-05', '2019-09-5', 1 ); 
SELECT wywal_wieznia( 32, '2019-09-5' );
INSERT INTO "public".wiezniowie_wyroki( id_wyroku ,id_wieznia, data_skazania ) VALUES ( 33, 33, '2019-12-21'); 
INSERT INTO "public".historia_wyroku( id_wyroku, data_orzekniecia, dlugosc_wyroku ) VALUES (33, '2019-12-21', '8 years'); 
INSERT INTO "public".historia_wiezniowie( id_wieznia, data_rozpoczecia ) VALUES (33, '2019-12-22');
INSERT INTO "public".wiezniowie_wyroki( id_wyroku ,id_wieznia, data_skazania ) VALUES ( 34, 34, '2019-01-26'); 
INSERT INTO "public".historia_wyroku( id_wyroku, data_orzekniecia, dlugosc_wyroku ) VALUES (34, '2019-01-26', '9 years'); 
INSERT INTO "public".historia_wiezniowie( id_wieznia, data_rozpoczecia ) VALUES (34, '2019-01-27');
INSERT INTO "public".wiezniowie_wyroki( id_wyroku ,id_wieznia, data_skazania ) VALUES ( 35, 35, '2018-12-03'); 
INSERT INTO "public".historia_wyroku( id_wyroku, data_orzekniecia, dlugosc_wyroku ) VALUES (35, '2018-12-03', '10 years'); 
INSERT INTO "public".historia_wiezniowie( id_wieznia, data_rozpoczecia ) VALUES (35, '2018-12-04');
INSERT INTO "public".wiezniowie_wyroki( id_wyroku ,id_wieznia, data_skazania ) VALUES ( 36, 36, '2020-09-06'); 
INSERT INTO "public".historia_wyroku( id_wyroku, data_orzekniecia, dlugosc_wyroku ) VALUES (36, '2020-09-06', '6 months'); 
INSERT INTO "public".historia_wiezniowie( id_wieznia, data_rozpoczecia, data_zakonczenia, powod ) VALUES (36, '2020-09-06', '2021-04-6', 1 ); 
INSERT INTO "public".wiezniowie_gangi( id_wieznia, id_gangu, data_przystapienia ) VALUES (36, 2, '2021-03-25');
SELECT wywal_wieznia( 36, '2021-04-6' );
INSERT INTO "public".wiezniowie_wyroki( id_wyroku ,id_wieznia, data_skazania ) VALUES ( 37, 37, '2017-07-05'); 
INSERT INTO "public".historia_wyroku( id_wyroku, data_orzekniecia, dlugosc_wyroku ) VALUES (37, '2017-07-05', '6 years'); 
INSERT INTO "public".historia_wiezniowie( id_wieznia, data_rozpoczecia ) VALUES (37, '2017-07-06');
INSERT INTO "public".wiezniowie_wyroki( id_wyroku ,id_wieznia, data_skazania ) VALUES ( 38, 38, '2019-05-22'); 
INSERT INTO "public".historia_wyroku( id_wyroku, data_orzekniecia, dlugosc_wyroku ) VALUES (38, '2019-05-22', '6 months'); 
INSERT INTO "public".historia_wiezniowie( id_wieznia, data_rozpoczecia, data_zakonczenia, powod ) VALUES (38, '2019-05-22', '2019-12-22', 1 ); 
SELECT wywal_wieznia( 38, '2019-12-22' );
INSERT INTO "public".wiezniowie_wyroki( id_wyroku ,id_wieznia, data_skazania ) VALUES ( 39, 39, '2017-12-05'); 
INSERT INTO "public".historia_wyroku( id_wyroku, data_orzekniecia, dlugosc_wyroku ) VALUES (39, '2017-12-05', '6 months'); 
INSERT INTO "public".historia_wiezniowie( id_wieznia, data_rozpoczecia, data_zakonczenia, powod ) VALUES (39, '2017-12-05', '2018-07-5', 1 ); 
SELECT wywal_wieznia( 39, '2018-07-5' );
INSERT INTO "public".wiezniowie_wyroki( id_wyroku ,id_wieznia, data_skazania ) VALUES ( 40, 40, '2015-07-14'); 
INSERT INTO "public".historia_wyroku( id_wyroku, data_orzekniecia, dlugosc_wyroku ) VALUES (40, '2015-07-14', '15 years'); 
INSERT INTO "public".historia_wiezniowie( id_wieznia, data_rozpoczecia ) VALUES (40, '2015-07-15'); 
INSERT INTO "public".wiezniowie_gangi( id_wieznia, id_gangu, data_przystapienia ) VALUES (40, 4, '2018-01-5');
INSERT INTO "public".wiezniowie_wyroki( id_wyroku ,id_wieznia, data_skazania ) VALUES ( 41, 41, '2019-05-15'); 
INSERT INTO "public".historia_wyroku( id_wyroku, data_orzekniecia, dlugosc_wyroku ) VALUES (41, '2019-05-15', '6 years'); 
INSERT INTO "public".historia_wiezniowie( id_wieznia, data_rozpoczecia ) VALUES (41, '2019-05-16');
INSERT INTO "public".wiezniowie_wyroki( id_wyroku ,id_wieznia, data_skazania ) VALUES ( 42, 42, '2020-06-27'); 
INSERT INTO "public".historia_wyroku( id_wyroku, data_orzekniecia, dlugosc_wyroku ) VALUES (42, '2020-06-27', '4 years'); 
INSERT INTO "public".historia_wiezniowie( id_wieznia, data_rozpoczecia ) VALUES (42, '2020-06-28');
INSERT INTO "public".wiezniowie_wyroki( id_wyroku ,id_wieznia, data_skazania ) VALUES ( 43, 43, '2017-09-08'); 
INSERT INTO "public".historia_wyroku( id_wyroku, data_orzekniecia, dlugosc_wyroku ) VALUES (43, '2017-09-08', '6 months'); 
INSERT INTO "public".historia_wiezniowie( id_wieznia, data_rozpoczecia, data_zakonczenia, powod ) VALUES (43, '2017-09-08', '2018-04-8', 1 ); 
SELECT wywal_wieznia( 43, '2018-04-8' );
INSERT INTO "public".wiezniowie_wyroki( id_wyroku ,id_wieznia, data_skazania ) VALUES ( 44, 44, '2015-01-11'); 
INSERT INTO "public".historia_wyroku( id_wyroku, data_orzekniecia, dlugosc_wyroku ) VALUES (44, '2015-01-11', '12 years'); 
INSERT INTO "public".historia_wiezniowie( id_wieznia, data_rozpoczecia ) VALUES (44, '2015-01-12'); 
INSERT INTO "public".wiezniowie_gangi( id_wieznia, id_gangu, data_przystapienia ) VALUES (44, 3, '2019-08-21');
INSERT INTO "public".wiezniowie_wyroki( id_wyroku ,id_wieznia, data_skazania ) VALUES ( 45, 45, '2020-09-18'); 
INSERT INTO "public".historia_wyroku( id_wyroku, data_orzekniecia, dlugosc_wyroku ) VALUES (45, '2020-09-18', '11 years'); 
INSERT INTO "public".historia_wiezniowie( id_wieznia, data_rozpoczecia ) VALUES (45, '2020-09-19');
INSERT INTO "public".wiezniowie_wyroki( id_wyroku ,id_wieznia, data_skazania ) VALUES ( 46, 46, '2020-12-26'); 
INSERT INTO "public".historia_wyroku( id_wyroku, data_orzekniecia, dlugosc_wyroku ) VALUES (46, '2020-12-26', '2 years'); 
INSERT INTO "public".historia_wiezniowie( id_wieznia, data_rozpoczecia ) VALUES (46, '2020-12-27');
INSERT INTO "public".wiezniowie_wyroki( id_wyroku ,id_wieznia, data_skazania ) VALUES ( 47, 47, '2017-04-06'); 
INSERT INTO "public".historia_wyroku( id_wyroku, data_orzekniecia, dlugosc_wyroku ) VALUES (47, '2017-04-06', '7 years'); 
INSERT INTO "public".historia_wiezniowie( id_wieznia, data_rozpoczecia ) VALUES (47, '2017-04-07');
INSERT INTO "public".wiezniowie_wyroki( id_wyroku ,id_wieznia, data_skazania ) VALUES ( 48, 48, '2015-09-03'); 
INSERT INTO "public".historia_wyroku( id_wyroku, data_orzekniecia, dlugosc_wyroku ) VALUES (48, '2015-09-03', '11 years'); 
INSERT INTO "public".historia_wiezniowie( id_wieznia, data_rozpoczecia ) VALUES (48, '2015-09-04'); 
INSERT INTO "public".wiezniowie_gangi( id_wieznia, id_gangu, data_przystapienia ) VALUES (48, 3, '2016-02-19');
INSERT INTO "public".wiezniowie_wyroki( id_wyroku ,id_wieznia, data_skazania ) VALUES ( 49, 49, '2015-08-04'); 
INSERT INTO "public".historia_wyroku( id_wyroku, data_orzekniecia, dlugosc_wyroku ) VALUES (49, '2015-08-04', '12 years'); 
INSERT INTO "public".historia_wiezniowie( id_wieznia, data_rozpoczecia ) VALUES (49, '2015-08-05');
INSERT INTO "public".wiezniowie_wyroki( id_wyroku ,id_wieznia, data_skazania ) VALUES ( 50, 50, '2015-11-22'); 
INSERT INTO "public".historia_wyroku( id_wyroku, data_orzekniecia, dlugosc_wyroku ) VALUES (50, '2015-11-22', '13 years'); 
INSERT INTO "public".historia_wiezniowie( id_wieznia, data_rozpoczecia ) VALUES (50, '2015-11-23');
INSERT INTO "public".wiezniowie_wyroki( id_wyroku ,id_wieznia, data_skazania ) VALUES ( 51, 51, '2019-09-10'); 
INSERT INTO "public".historia_wyroku( id_wyroku, data_orzekniecia, dlugosc_wyroku ) VALUES (51, '2019-09-10', '13 years'); 
INSERT INTO "public".historia_wiezniowie( id_wieznia, data_rozpoczecia ) VALUES (51, '2019-09-11');
INSERT INTO "public".wiezniowie_wyroki( id_wyroku ,id_wieznia, data_skazania ) VALUES ( 52, 52, '2015-01-17'); 
INSERT INTO "public".historia_wyroku( id_wyroku, data_orzekniecia, dlugosc_wyroku ) VALUES (52, '2015-01-17', '6 months'); 
INSERT INTO "public".historia_wiezniowie( id_wieznia, data_rozpoczecia, data_zakonczenia, powod ) VALUES (52, '2015-01-17', '2015-08-17', 1 ); 
SELECT wywal_wieznia( 52, '2015-08-17' );
INSERT INTO "public".wiezniowie_wyroki( id_wyroku ,id_wieznia, data_skazania ) VALUES ( 53, 53, '2018-07-21'); 
INSERT INTO "public".historia_wyroku( id_wyroku, data_orzekniecia, dlugosc_wyroku ) VALUES (53, '2018-07-21', '2 years'); 
INSERT INTO "public".historia_wiezniowie( id_wieznia, data_rozpoczecia, data_zakonczenia, powod ) VALUES (53, '2018-07-21', '2020-08-21', 1 ); 
SELECT wywal_wieznia( 53, '2020-08-21' );
INSERT INTO "public".wiezniowie_wyroki( id_wyroku ,id_wieznia, data_skazania ) VALUES ( 54, 54, '2016-05-20'); 
INSERT INTO "public".historia_wyroku( id_wyroku, data_orzekniecia, dlugosc_wyroku ) VALUES (54, '2016-05-20', '6 months'); 
INSERT INTO "public".historia_wiezniowie( id_wieznia, data_rozpoczecia, data_zakonczenia, powod ) VALUES (54, '2016-05-20', '2016-12-20', 1 ); 
SELECT wywal_wieznia( 54, '2016-12-20' );
INSERT INTO "public".wiezniowie_wyroki( id_wyroku ,id_wieznia, data_skazania ) VALUES ( 55, 55, '2017-04-26'); 
INSERT INTO "public".historia_wyroku( id_wyroku, data_orzekniecia, dlugosc_wyroku ) VALUES (55, '2017-04-26', '10 years'); 
INSERT INTO "public".historia_wiezniowie( id_wieznia, data_rozpoczecia ) VALUES (55, '2017-04-27');
INSERT INTO "public".wiezniowie_wyroki( id_wyroku ,id_wieznia, data_skazania ) VALUES ( 56, 56, '2020-06-14'); 
INSERT INTO "public".historia_wyroku( id_wyroku, data_orzekniecia, dlugosc_wyroku ) VALUES (56, '2020-06-14', '6 months'); 
INSERT INTO "public".historia_wiezniowie( id_wieznia, data_rozpoczecia, data_zakonczenia, powod ) VALUES (56, '2020-06-14', '2021-01-14', 1 ); 
SELECT wywal_wieznia( 56, '2021-01-14' );
INSERT INTO "public".wiezniowie_wyroki( id_wyroku ,id_wieznia, data_skazania ) VALUES ( 57, 57, '2020-09-09'); 
INSERT INTO "public".historia_wyroku( id_wyroku, data_orzekniecia, dlugosc_wyroku ) VALUES (57, '2020-09-09', '13 years'); 
INSERT INTO "public".historia_wiezniowie( id_wieznia, data_rozpoczecia ) VALUES (57, '2020-09-10');
INSERT INTO "public".wiezniowie_wyroki( id_wyroku ,id_wieznia, data_skazania ) VALUES ( 58, 58, '2020-09-20'); 
INSERT INTO "public".historia_wyroku( id_wyroku, data_orzekniecia, dlugosc_wyroku ) VALUES (58, '2020-09-20', '4 years'); 
INSERT INTO "public".historia_wiezniowie( id_wieznia, data_rozpoczecia ) VALUES (58, '2020-09-21');
INSERT INTO "public".wiezniowie_wyroki( id_wyroku ,id_wieznia, data_skazania ) VALUES ( 59, 59, '2020-11-20'); 
INSERT INTO "public".historia_wyroku( id_wyroku, data_orzekniecia, dlugosc_wyroku ) VALUES (59, '2020-11-20', '13 years'); 
INSERT INTO "public".historia_wiezniowie( id_wieznia, data_rozpoczecia ) VALUES (59, '2020-11-21');
INSERT INTO "public".wiezniowie_wyroki( id_wyroku ,id_wieznia, data_skazania ) VALUES ( 60, 60, '2019-09-28'); 
INSERT INTO "public".historia_wyroku( id_wyroku, data_orzekniecia, dlugosc_wyroku ) VALUES (60, '2019-09-28', '4 years'); 
INSERT INTO "public".historia_wiezniowie( id_wieznia, data_rozpoczecia ) VALUES (60, '2019-09-29'); 
INSERT INTO "public".wiezniowie_gangi( id_wieznia, id_gangu, data_przystapienia ) VALUES (60, 1, '2021-10-30');
INSERT INTO "public".wiezniowie_wyroki( id_wyroku ,id_wieznia, data_skazania ) VALUES ( 61, 61, '2019-12-24'); 
INSERT INTO "public".historia_wyroku( id_wyroku, data_orzekniecia, dlugosc_wyroku ) VALUES (61, '2019-12-24', '11 years'); 
INSERT INTO "public".historia_wiezniowie( id_wieznia, data_rozpoczecia ) VALUES (61, '2019-12-25');
INSERT INTO "public".wiezniowie_wyroki( id_wyroku ,id_wieznia, data_skazania ) VALUES ( 62, 62, '2020-01-14'); 
INSERT INTO "public".historia_wyroku( id_wyroku, data_orzekniecia, dlugosc_wyroku ) VALUES (62, '2020-01-14', '6 months'); 
INSERT INTO "public".historia_wiezniowie( id_wieznia, data_rozpoczecia, data_zakonczenia, powod ) VALUES (62, '2020-01-14', '2020-08-14', 1 ); 
SELECT wywal_wieznia( 62, '2020-08-14' );
INSERT INTO "public".wiezniowie_wyroki( id_wyroku ,id_wieznia, data_skazania ) VALUES ( 63, 63, '2015-04-02'); 
INSERT INTO "public".historia_wyroku( id_wyroku, data_orzekniecia, dlugosc_wyroku ) VALUES (63, '2015-04-02', '8 years'); 
INSERT INTO "public".historia_wiezniowie( id_wieznia, data_rozpoczecia ) VALUES (63, '2015-04-03');
INSERT INTO "public".wiezniowie_wyroki( id_wyroku ,id_wieznia, data_skazania ) VALUES ( 64, 64, '2018-08-10'); 
INSERT INTO "public".historia_wyroku( id_wyroku, data_orzekniecia, dlugosc_wyroku ) VALUES (64, '2018-08-10', '15 years'); 
INSERT INTO "public".historia_wiezniowie( id_wieznia, data_rozpoczecia ) VALUES (64, '2018-08-11'); 
INSERT INTO "public".wiezniowie_gangi( id_wieznia, id_gangu, data_przystapienia ) VALUES (64, 2, '2020-10-22');
INSERT INTO "public".wiezniowie_wyroki( id_wyroku ,id_wieznia, data_skazania ) VALUES ( 65, 65, '2018-03-15'); 
INSERT INTO "public".historia_wyroku( id_wyroku, data_orzekniecia, dlugosc_wyroku ) VALUES (65, '2018-03-15', '12 years'); 
INSERT INTO "public".historia_wiezniowie( id_wieznia, data_rozpoczecia ) VALUES (65, '2018-03-16');
INSERT INTO "public".wiezniowie_wyroki( id_wyroku ,id_wieznia, data_skazania ) VALUES ( 66, 66, '2015-06-28'); 
INSERT INTO "public".historia_wyroku( id_wyroku, data_orzekniecia, dlugosc_wyroku ) VALUES (66, '2015-06-28', '6 months'); 
INSERT INTO "public".historia_wiezniowie( id_wieznia, data_rozpoczecia, data_zakonczenia, powod ) VALUES (66, '2015-06-28', '2016-01-28', 1 ); 
SELECT wywal_wieznia( 66, '2016-01-28' );
INSERT INTO "public".wiezniowie_wyroki( id_wyroku ,id_wieznia, data_skazania ) VALUES ( 67, 67, '2016-08-07'); 
INSERT INTO "public".historia_wyroku( id_wyroku, data_orzekniecia, dlugosc_wyroku ) VALUES (67, '2016-08-07', '5 years'); 
INSERT INTO "public".historia_wiezniowie( id_wieznia, data_rozpoczecia, data_zakonczenia, powod ) VALUES (67, '2016-08-07', '2021-09-7', 1 ); 
SELECT wywal_wieznia( 67, '2021-09-7' );
INSERT INTO "public".wiezniowie_wyroki( id_wyroku ,id_wieznia, data_skazania ) VALUES ( 68, 68, '2020-10-21'); 
INSERT INTO "public".historia_wyroku( id_wyroku, data_orzekniecia, dlugosc_wyroku ) VALUES (68, '2020-10-21', '6 months'); 
INSERT INTO "public".historia_wiezniowie( id_wieznia, data_rozpoczecia, data_zakonczenia, powod ) VALUES (68, '2020-10-21', '2021-05-21', 1 ); 
SELECT wywal_wieznia( 68, '2021-05-21' );
INSERT INTO "public".wiezniowie_wyroki( id_wyroku ,id_wieznia, data_skazania ) VALUES ( 69, 69, '2020-10-16'); 
INSERT INTO "public".historia_wyroku( id_wyroku, data_orzekniecia, dlugosc_wyroku ) VALUES (69, '2020-10-16', '9 years'); 
INSERT INTO "public".historia_wiezniowie( id_wieznia, data_rozpoczecia ) VALUES (69, '2020-10-17');
INSERT INTO "public".wiezniowie_wyroki( id_wyroku ,id_wieznia, data_skazania ) VALUES ( 70, 70, '2020-12-15'); 
INSERT INTO "public".historia_wyroku( id_wyroku, data_orzekniecia, dlugosc_wyroku ) VALUES (70, '2020-12-15', '11 years'); 
INSERT INTO "public".historia_wiezniowie( id_wieznia, data_rozpoczecia ) VALUES (70, '2020-12-16');
INSERT INTO "public".wiezniowie_wyroki( id_wyroku ,id_wieznia, data_skazania ) VALUES ( 71, 71, '2019-12-17'); 
INSERT INTO "public".historia_wyroku( id_wyroku, data_orzekniecia, dlugosc_wyroku ) VALUES (71, '2019-12-17', '7 years'); 
INSERT INTO "public".historia_wiezniowie( id_wieznia, data_rozpoczecia ) VALUES (71, '2019-12-18');
INSERT INTO "public".wiezniowie_wyroki( id_wyroku ,id_wieznia, data_skazania ) VALUES ( 72, 72, '2020-03-23'); 
INSERT INTO "public".historia_wyroku( id_wyroku, data_orzekniecia, dlugosc_wyroku ) VALUES (72, '2020-03-23', '8 years'); 
INSERT INTO "public".historia_wiezniowie( id_wieznia, data_rozpoczecia ) VALUES (72, '2020-03-24'); 
INSERT INTO "public".wiezniowie_gangi( id_wieznia, id_gangu, data_przystapienia ) VALUES (72, 2, '2021-08-20');
INSERT INTO "public".wiezniowie_wyroki( id_wyroku ,id_wieznia, data_skazania ) VALUES ( 73, 73, '2017-02-24'); 
INSERT INTO "public".historia_wyroku( id_wyroku, data_orzekniecia, dlugosc_wyroku ) VALUES (73, '2017-02-24', '3 years'); 
INSERT INTO "public".historia_wiezniowie( id_wieznia, data_rozpoczecia, data_zakonczenia, powod ) VALUES (73, '2017-02-24', '2020-03-24', 1 ); 
SELECT wywal_wieznia( 73, '2020-03-24' );
INSERT INTO "public".wiezniowie_wyroki( id_wyroku ,id_wieznia, data_skazania ) VALUES ( 74, 74, '2018-05-07'); 
INSERT INTO "public".historia_wyroku( id_wyroku, data_orzekniecia, dlugosc_wyroku ) VALUES (74, '2018-05-07', '6 years'); 
INSERT INTO "public".historia_wiezniowie( id_wieznia, data_rozpoczecia ) VALUES (74, '2018-05-08');
INSERT INTO "public".wiezniowie_wyroki( id_wyroku ,id_wieznia, data_skazania ) VALUES ( 75, 75, '2017-02-15'); 
INSERT INTO "public".historia_wyroku( id_wyroku, data_orzekniecia, dlugosc_wyroku ) VALUES (75, '2017-02-15', '14 years'); 
INSERT INTO "public".historia_wiezniowie( id_wieznia, data_rozpoczecia ) VALUES (75, '2017-02-16');
INSERT INTO "public".wiezniowie_wyroki( id_wyroku ,id_wieznia, data_skazania ) VALUES ( 76, 76, '2017-01-07'); 
INSERT INTO "public".historia_wyroku( id_wyroku, data_orzekniecia, dlugosc_wyroku ) VALUES (76, '2017-01-07', '13 years'); 
INSERT INTO "public".historia_wiezniowie( id_wieznia, data_rozpoczecia ) VALUES (76, '2017-01-08'); 
INSERT INTO "public".wiezniowie_gangi( id_wieznia, id_gangu, data_przystapienia ) VALUES (76, 3, '2020-07-13');
INSERT INTO "public".wiezniowie_wyroki( id_wyroku ,id_wieznia, data_skazania ) VALUES ( 77, 77, '2017-07-28'); 
INSERT INTO "public".historia_wyroku( id_wyroku, data_orzekniecia, dlugosc_wyroku ) VALUES (77, '2017-07-28', '6 years'); 
INSERT INTO "public".historia_wiezniowie( id_wieznia, data_rozpoczecia ) VALUES (77, '2017-07-29');
INSERT INTO "public".wiezniowie_wyroki( id_wyroku ,id_wieznia, data_skazania ) VALUES ( 78, 78, '2016-11-16'); 
INSERT INTO "public".historia_wyroku( id_wyroku, data_orzekniecia, dlugosc_wyroku ) VALUES (78, '2016-11-16', '3 years'); 
INSERT INTO "public".historia_wiezniowie( id_wieznia, data_rozpoczecia, data_zakonczenia, powod ) VALUES (78, '2016-11-16', '2019-12-16', 1 ); 
SELECT wywal_wieznia( 78, '2019-12-16' );
INSERT INTO "public".wiezniowie_wyroki( id_wyroku ,id_wieznia, data_skazania ) VALUES ( 79, 79, '2017-10-01'); 
INSERT INTO "public".historia_wyroku( id_wyroku, data_orzekniecia, dlugosc_wyroku ) VALUES (79, '2017-10-01', '14 years'); 
INSERT INTO "public".historia_wiezniowie( id_wieznia, data_rozpoczecia ) VALUES (79, '2017-10-02');
INSERT INTO "public".wiezniowie_wyroki( id_wyroku ,id_wieznia, data_skazania ) VALUES ( 80, 80, '2015-10-28'); 
INSERT INTO "public".historia_wyroku( id_wyroku, data_orzekniecia, dlugosc_wyroku ) VALUES (80, '2015-10-28', '12 years'); 
INSERT INTO "public".historia_wiezniowie( id_wieznia, data_rozpoczecia ) VALUES (80, '2015-10-29'); 
INSERT INTO "public".wiezniowie_gangi( id_wieznia, id_gangu, data_przystapienia ) VALUES (80, 2, '2019-09-14');
INSERT INTO "public".wiezniowie_wyroki( id_wyroku ,id_wieznia, data_skazania ) VALUES ( 81, 81, '2018-04-10'); 
INSERT INTO "public".historia_wyroku( id_wyroku, data_orzekniecia, dlugosc_wyroku ) VALUES (81, '2018-04-10', '14 years'); 
INSERT INTO "public".historia_wiezniowie( id_wieznia, data_rozpoczecia ) VALUES (81, '2018-04-11');
INSERT INTO "public".wiezniowie_wyroki( id_wyroku ,id_wieznia, data_skazania ) VALUES ( 82, 82, '2017-07-05'); 
INSERT INTO "public".historia_wyroku( id_wyroku, data_orzekniecia, dlugosc_wyroku ) VALUES (82, '2017-07-05', '10 years'); 
INSERT INTO "public".historia_wiezniowie( id_wieznia, data_rozpoczecia ) VALUES (82, '2017-07-06');
INSERT INTO "public".wiezniowie_wyroki( id_wyroku ,id_wieznia, data_skazania ) VALUES ( 83, 83, '2018-08-05'); 
INSERT INTO "public".historia_wyroku( id_wyroku, data_orzekniecia, dlugosc_wyroku ) VALUES (83, '2018-08-05', '4 years'); 
INSERT INTO "public".historia_wiezniowie( id_wieznia, data_rozpoczecia ) VALUES (83, '2018-08-06');
INSERT INTO "public".wiezniowie_wyroki( id_wyroku ,id_wieznia, data_skazania ) VALUES ( 84, 84, '2016-01-21'); 
INSERT INTO "public".historia_wyroku( id_wyroku, data_orzekniecia, dlugosc_wyroku ) VALUES (84, '2016-01-21', '4 years'); 
INSERT INTO "public".historia_wiezniowie( id_wieznia, data_rozpoczecia, data_zakonczenia, powod ) VALUES (84, '2016-01-21', '2020-02-21', 1 ); 
INSERT INTO "public".wiezniowie_gangi( id_wieznia, id_gangu, data_przystapienia ) VALUES (84, 4, '2019-11-15');
SELECT wywal_wieznia( 84, '2020-02-21' );
INSERT INTO "public".wiezniowie_wyroki( id_wyroku ,id_wieznia, data_skazania ) VALUES ( 85, 85, '2020-11-07'); 
INSERT INTO "public".historia_wyroku( id_wyroku, data_orzekniecia, dlugosc_wyroku ) VALUES (85, '2020-11-07', '11 years'); 
INSERT INTO "public".historia_wiezniowie( id_wieznia, data_rozpoczecia ) VALUES (85, '2020-11-08');
INSERT INTO "public".wiezniowie_wyroki( id_wyroku ,id_wieznia, data_skazania ) VALUES ( 86, 86, '2017-04-10'); 
INSERT INTO "public".historia_wyroku( id_wyroku, data_orzekniecia, dlugosc_wyroku ) VALUES (86, '2017-04-10', '6 months'); 
INSERT INTO "public".historia_wiezniowie( id_wieznia, data_rozpoczecia, data_zakonczenia, powod ) VALUES (86, '2017-04-10', '2017-11-10', 1 ); 
SELECT wywal_wieznia( 86, '2017-11-10' );
INSERT INTO "public".wiezniowie_wyroki( id_wyroku ,id_wieznia, data_skazania ) VALUES ( 87, 87, '2019-12-11'); 
INSERT INTO "public".historia_wyroku( id_wyroku, data_orzekniecia, dlugosc_wyroku ) VALUES (87, '2019-12-11', '3 years'); 
INSERT INTO "public".historia_wiezniowie( id_wieznia, data_rozpoczecia ) VALUES (87, '2019-12-12');
INSERT INTO "public".wiezniowie_wyroki( id_wyroku ,id_wieznia, data_skazania ) VALUES ( 88, 88, '2017-08-06'); 
INSERT INTO "public".historia_wyroku( id_wyroku, data_orzekniecia, dlugosc_wyroku ) VALUES (88, '2017-08-06', '4 years'); 
INSERT INTO "public".historia_wiezniowie( id_wieznia, data_rozpoczecia, data_zakonczenia, powod ) VALUES (88, '2017-08-06', '2021-09-6', 1 ); 
INSERT INTO "public".wiezniowie_gangi( id_wieznia, id_gangu, data_przystapienia ) VALUES (88, 4, '2020-11-5');
SELECT wywal_wieznia( 88, '2021-09-6' );
INSERT INTO "public".wiezniowie_wyroki( id_wyroku ,id_wieznia, data_skazania ) VALUES ( 89, 89, '2018-04-05'); 
INSERT INTO "public".historia_wyroku( id_wyroku, data_orzekniecia, dlugosc_wyroku ) VALUES (89, '2018-04-05', '10 years'); 
INSERT INTO "public".historia_wiezniowie( id_wieznia, data_rozpoczecia ) VALUES (89, '2018-04-06');
INSERT INTO "public".wiezniowie_wyroki( id_wyroku ,id_wieznia, data_skazania ) VALUES ( 90, 90, '2017-09-23'); 
INSERT INTO "public".historia_wyroku( id_wyroku, data_orzekniecia, dlugosc_wyroku ) VALUES (90, '2017-09-23', '6 years'); 
INSERT INTO "public".historia_wiezniowie( id_wieznia, data_rozpoczecia ) VALUES (90, '2017-09-24');
INSERT INTO "public".wiezniowie_wyroki( id_wyroku ,id_wieznia, data_skazania ) VALUES ( 91, 91, '2016-11-15'); 
INSERT INTO "public".historia_wyroku( id_wyroku, data_orzekniecia, dlugosc_wyroku ) VALUES (91, '2016-11-15', '6 months'); 
INSERT INTO "public".historia_wiezniowie( id_wieznia, data_rozpoczecia, data_zakonczenia, powod ) VALUES (91, '2016-11-15', '2017-06-15', 1 ); 
SELECT wywal_wieznia( 91, '2017-06-15' );
INSERT INTO "public".wiezniowie_wyroki( id_wyroku ,id_wieznia, data_skazania ) VALUES ( 92, 92, '2017-03-18'); 
INSERT INTO "public".historia_wyroku( id_wyroku, data_orzekniecia, dlugosc_wyroku ) VALUES (92, '2017-03-18', '6 months'); 
INSERT INTO "public".historia_wiezniowie( id_wieznia, data_rozpoczecia, data_zakonczenia, powod ) VALUES (92, '2017-03-18', '2017-10-18', 1 ); 
SELECT wywal_wieznia( 92, '2017-10-18' );
INSERT INTO "public".wiezniowie_wyroki( id_wyroku ,id_wieznia, data_skazania ) VALUES ( 93, 93, '2017-03-22'); 
INSERT INTO "public".historia_wyroku( id_wyroku, data_orzekniecia, dlugosc_wyroku ) VALUES (93, '2017-03-22', '14 years'); 
INSERT INTO "public".historia_wiezniowie( id_wieznia, data_rozpoczecia ) VALUES (93, '2017-03-23');
INSERT INTO "public".wiezniowie_wyroki( id_wyroku ,id_wieznia, data_skazania ) VALUES ( 94, 94, '2017-04-21'); 
INSERT INTO "public".historia_wyroku( id_wyroku, data_orzekniecia, dlugosc_wyroku ) VALUES (94, '2017-04-21', '9 years'); 
INSERT INTO "public".historia_wiezniowie( id_wieznia, data_rozpoczecia ) VALUES (94, '2017-04-22');
INSERT INTO "public".wiezniowie_wyroki( id_wyroku ,id_wieznia, data_skazania ) VALUES ( 95, 95, '2020-11-24'); 
INSERT INTO "public".historia_wyroku( id_wyroku, data_orzekniecia, dlugosc_wyroku ) VALUES (95, '2020-11-24', '5 years'); 
INSERT INTO "public".historia_wiezniowie( id_wieznia, data_rozpoczecia ) VALUES (95, '2020-11-25');
INSERT INTO "public".wiezniowie_wyroki( id_wyroku ,id_wieznia, data_skazania ) VALUES ( 96, 96, '2016-01-10'); 
INSERT INTO "public".historia_wyroku( id_wyroku, data_orzekniecia, dlugosc_wyroku ) VALUES (96, '2016-01-10', '11 years'); 
INSERT INTO "public".historia_wiezniowie( id_wieznia, data_rozpoczecia ) VALUES (96, '2016-01-11'); 
INSERT INTO "public".wiezniowie_gangi( id_wieznia, id_gangu, data_przystapienia ) VALUES (96, 3, '2018-02-28');
INSERT INTO "public".wiezniowie_wyroki( id_wyroku ,id_wieznia, data_skazania ) VALUES ( 97, 97, '2017-12-17'); 
INSERT INTO "public".historia_wyroku( id_wyroku, data_orzekniecia, dlugosc_wyroku ) VALUES (97, '2017-12-17', '9 years'); 
INSERT INTO "public".historia_wiezniowie( id_wieznia, data_rozpoczecia ) VALUES (97, '2017-12-18');
INSERT INTO "public".wiezniowie_wyroki( id_wyroku ,id_wieznia, data_skazania ) VALUES ( 98, 98, '2016-10-25'); 
INSERT INTO "public".historia_wyroku( id_wyroku, data_orzekniecia, dlugosc_wyroku ) VALUES (98, '2016-10-25', '13 years'); 
INSERT INTO "public".historia_wiezniowie( id_wieznia, data_rozpoczecia ) VALUES (98, '2016-10-26');
INSERT INTO "public".wiezniowie_wyroki( id_wyroku ,id_wieznia, data_skazania ) VALUES ( 99, 99, '2017-11-27'); 
INSERT INTO "public".historia_wyroku( id_wyroku, data_orzekniecia, dlugosc_wyroku ) VALUES (99, '2017-11-27', '6 years'); 
INSERT INTO "public".historia_wiezniowie( id_wieznia, data_rozpoczecia ) VALUES (99, '2017-11-28');
INSERT INTO "public".wiezniowie_wyroki( id_wyroku ,id_wieznia, data_skazania ) VALUES ( 100, 100, '2020-01-18'); 
INSERT INTO "public".historia_wyroku( id_wyroku, data_orzekniecia, dlugosc_wyroku ) VALUES (100, '2020-01-18', '9 years'); 
INSERT INTO "public".historia_wiezniowie( id_wieznia, data_rozpoczecia ) VALUES (100, '2020-01-19'); 
INSERT INTO "public".wiezniowie_gangi( id_wieznia, id_gangu, data_przystapienia ) VALUES (100, 4, '2021-01-15');
INSERT INTO "public".wiezniowie_wyroki( id_wyroku ,id_wieznia, data_skazania ) VALUES ( 101, 101, '2015-03-04'); 
INSERT INTO "public".historia_wyroku( id_wyroku, data_orzekniecia, dlugosc_wyroku ) VALUES (101, '2015-03-04', '6 months'); 
INSERT INTO "public".historia_wiezniowie( id_wieznia, data_rozpoczecia, data_zakonczenia, powod ) VALUES (101, '2015-03-04', '2015-10-4', 1 ); 
SELECT wywal_wieznia( 101, '2015-10-4' );
INSERT INTO "public".wiezniowie_wyroki( id_wyroku ,id_wieznia, data_skazania ) VALUES ( 102, 102, '2015-08-21'); 
INSERT INTO "public".historia_wyroku( id_wyroku, data_orzekniecia, dlugosc_wyroku ) VALUES (102, '2015-08-21', '4 years'); 
INSERT INTO "public".historia_wiezniowie( id_wieznia, data_rozpoczecia, data_zakonczenia, powod ) VALUES (102, '2015-08-21', '2019-09-21', 1 ); 
SELECT wywal_wieznia( 102, '2019-09-21' );
INSERT INTO "public".wiezniowie_wyroki( id_wyroku ,id_wieznia, data_skazania ) VALUES ( 103, 103, '2019-03-07'); 
INSERT INTO "public".historia_wyroku( id_wyroku, data_orzekniecia, dlugosc_wyroku ) VALUES (103, '2019-03-07', '15 years'); 
INSERT INTO "public".historia_wiezniowie( id_wieznia, data_rozpoczecia ) VALUES (103, '2019-03-08');
INSERT INTO "public".wiezniowie_wyroki( id_wyroku ,id_wieznia, data_skazania ) VALUES ( 104, 104, '2017-06-27'); 
INSERT INTO "public".historia_wyroku( id_wyroku, data_orzekniecia, dlugosc_wyroku ) VALUES (104, '2017-06-27', '5 years'); 
INSERT INTO "public".historia_wiezniowie( id_wieznia, data_rozpoczecia ) VALUES (104, '2017-06-28'); 
INSERT INTO "public".wiezniowie_gangi( id_wieznia, id_gangu, data_przystapienia ) VALUES (104, 4, '2020-12-8');
INSERT INTO "public".wiezniowie_wyroki( id_wyroku ,id_wieznia, data_skazania ) VALUES ( 105, 105, '2015-10-26'); 
INSERT INTO "public".historia_wyroku( id_wyroku, data_orzekniecia, dlugosc_wyroku ) VALUES (105, '2015-10-26', '10 years'); 
INSERT INTO "public".historia_wiezniowie( id_wieznia, data_rozpoczecia ) VALUES (105, '2015-10-27');
INSERT INTO "public".wiezniowie_wyroki( id_wyroku ,id_wieznia, data_skazania ) VALUES ( 106, 106, '2016-12-09'); 
INSERT INTO "public".historia_wyroku( id_wyroku, data_orzekniecia, dlugosc_wyroku ) VALUES (106, '2016-12-09', '10 years'); 
INSERT INTO "public".historia_wiezniowie( id_wieznia, data_rozpoczecia ) VALUES (106, '2016-12-10');
INSERT INTO "public".wiezniowie_wyroki( id_wyroku ,id_wieznia, data_skazania ) VALUES ( 107, 107, '2015-09-25'); 
INSERT INTO "public".historia_wyroku( id_wyroku, data_orzekniecia, dlugosc_wyroku ) VALUES (107, '2015-09-25', '5 years'); 
INSERT INTO "public".historia_wiezniowie( id_wieznia, data_rozpoczecia, data_zakonczenia, powod ) VALUES (107, '2015-09-25', '2020-10-25', 1 ); 
SELECT wywal_wieznia( 107, '2020-10-25' );
INSERT INTO "public".wiezniowie_wyroki( id_wyroku ,id_wieznia, data_skazania ) VALUES ( 108, 108, '2015-05-24'); 
INSERT INTO "public".historia_wyroku( id_wyroku, data_orzekniecia, dlugosc_wyroku ) VALUES (108, '2015-05-24', '12 years'); 
INSERT INTO "public".historia_wiezniowie( id_wieznia, data_rozpoczecia ) VALUES (108, '2015-05-25'); 
INSERT INTO "public".wiezniowie_gangi( id_wieznia, id_gangu, data_przystapienia ) VALUES (108, 1, '2016-01-21');
INSERT INTO "public".wiezniowie_wyroki( id_wyroku ,id_wieznia, data_skazania ) VALUES ( 109, 109, '2015-07-05'); 
INSERT INTO "public".historia_wyroku( id_wyroku, data_orzekniecia, dlugosc_wyroku ) VALUES (109, '2015-07-05', '14 years'); 
INSERT INTO "public".historia_wiezniowie( id_wieznia, data_rozpoczecia ) VALUES (109, '2015-07-06');
INSERT INTO "public".wiezniowie_wyroki( id_wyroku ,id_wieznia, data_skazania ) VALUES ( 110, 110, '2019-04-14'); 
INSERT INTO "public".historia_wyroku( id_wyroku, data_orzekniecia, dlugosc_wyroku ) VALUES (110, '2019-04-14', '14 years'); 
INSERT INTO "public".historia_wiezniowie( id_wieznia, data_rozpoczecia ) VALUES (110, '2019-04-15');
INSERT INTO "public".wiezniowie_wyroki( id_wyroku ,id_wieznia, data_skazania ) VALUES ( 111, 111, '2015-07-09'); 
INSERT INTO "public".historia_wyroku( id_wyroku, data_orzekniecia, dlugosc_wyroku ) VALUES (111, '2015-07-09', '10 years'); 
INSERT INTO "public".historia_wiezniowie( id_wieznia, data_rozpoczecia ) VALUES (111, '2015-07-10');
INSERT INTO "public".wiezniowie_wyroki( id_wyroku ,id_wieznia, data_skazania ) VALUES ( 112, 112, '2017-02-02'); 
INSERT INTO "public".historia_wyroku( id_wyroku, data_orzekniecia, dlugosc_wyroku ) VALUES (112, '2017-02-02', '8 years'); 
INSERT INTO "public".historia_wiezniowie( id_wieznia, data_rozpoczecia ) VALUES (112, '2017-02-03'); 
INSERT INTO "public".wiezniowie_gangi( id_wieznia, id_gangu, data_przystapienia ) VALUES (112, 1, '2019-05-15');
INSERT INTO "public".wiezniowie_wyroki( id_wyroku ,id_wieznia, data_skazania ) VALUES ( 113, 113, '2016-03-09'); 
INSERT INTO "public".historia_wyroku( id_wyroku, data_orzekniecia, dlugosc_wyroku ) VALUES (113, '2016-03-09', '9 years'); 
INSERT INTO "public".historia_wiezniowie( id_wieznia, data_rozpoczecia ) VALUES (113, '2016-03-10');
INSERT INTO "public".wiezniowie_wyroki( id_wyroku ,id_wieznia, data_skazania ) VALUES ( 114, 114, '2017-08-08'); 
INSERT INTO "public".historia_wyroku( id_wyroku, data_orzekniecia, dlugosc_wyroku ) VALUES (114, '2017-08-08', '2 years'); 
INSERT INTO "public".historia_wiezniowie( id_wieznia, data_rozpoczecia, data_zakonczenia, powod ) VALUES (114, '2017-08-08', '2019-09-8', 1 ); 
SELECT wywal_wieznia( 114, '2019-09-8' );
INSERT INTO "public".wiezniowie_wyroki( id_wyroku ,id_wieznia, data_skazania ) VALUES ( 115, 115, '2018-06-05'); 
INSERT INTO "public".historia_wyroku( id_wyroku, data_orzekniecia, dlugosc_wyroku ) VALUES (115, '2018-06-05', '8 years'); 
INSERT INTO "public".historia_wiezniowie( id_wieznia, data_rozpoczecia ) VALUES (115, '2018-06-06');
INSERT INTO "public".wiezniowie_wyroki( id_wyroku ,id_wieznia, data_skazania ) VALUES ( 116, 116, '2016-01-26'); 
INSERT INTO "public".historia_wyroku( id_wyroku, data_orzekniecia, dlugosc_wyroku ) VALUES (116, '2016-01-26', '4 years'); 
INSERT INTO "public".historia_wiezniowie( id_wieznia, data_rozpoczecia, data_zakonczenia, powod ) VALUES (116, '2016-01-26', '2020-02-26', 1 ); 
SELECT wywal_wieznia( 116, '2020-02-26' );
INSERT INTO "public".wiezniowie_wyroki( id_wyroku ,id_wieznia, data_skazania ) VALUES ( 117, 117, '2020-12-06'); 
INSERT INTO "public".historia_wyroku( id_wyroku, data_orzekniecia, dlugosc_wyroku ) VALUES (117, '2020-12-06', '4 years'); 
INSERT INTO "public".historia_wiezniowie( id_wieznia, data_rozpoczecia ) VALUES (117, '2020-12-07');
INSERT INTO "public".wiezniowie_wyroki( id_wyroku ,id_wieznia, data_skazania ) VALUES ( 118, 118, '2017-03-13'); 
INSERT INTO "public".historia_wyroku( id_wyroku, data_orzekniecia, dlugosc_wyroku ) VALUES (118, '2017-03-13', '8 years'); 
INSERT INTO "public".historia_wiezniowie( id_wieznia, data_rozpoczecia ) VALUES (118, '2017-03-14');
INSERT INTO "public".wiezniowie_wyroki( id_wyroku ,id_wieznia, data_skazania ) VALUES ( 119, 119, '2016-05-14'); 
INSERT INTO "public".historia_wyroku( id_wyroku, data_orzekniecia, dlugosc_wyroku ) VALUES (119, '2016-05-14', '6 years'); 
INSERT INTO "public".historia_wiezniowie( id_wieznia, data_rozpoczecia ) VALUES (119, '2016-05-15');
INSERT INTO "public".wiezniowie_wyroki( id_wyroku ,id_wieznia, data_skazania ) VALUES ( 120, 120, '2016-11-10'); 
INSERT INTO "public".historia_wyroku( id_wyroku, data_orzekniecia, dlugosc_wyroku ) VALUES (120, '2016-11-10', '8 years'); 
INSERT INTO "public".historia_wiezniowie( id_wieznia, data_rozpoczecia ) VALUES (120, '2016-11-11'); 
INSERT INTO "public".wiezniowie_gangi( id_wieznia, id_gangu, data_przystapienia ) VALUES (120, 3, '2020-08-19');
INSERT INTO "public".wiezniowie_wyroki( id_wyroku ,id_wieznia, data_skazania ) VALUES ( 121, 121, '2016-03-09'); 
INSERT INTO "public".historia_wyroku( id_wyroku, data_orzekniecia, dlugosc_wyroku ) VALUES (121, '2016-03-09', '3 years'); 
INSERT INTO "public".historia_wiezniowie( id_wieznia, data_rozpoczecia, data_zakonczenia, powod ) VALUES (121, '2016-03-09', '2019-04-9', 1 ); 
SELECT wywal_wieznia( 121, '2019-04-9' );
INSERT INTO "public".wiezniowie_wyroki( id_wyroku ,id_wieznia, data_skazania ) VALUES ( 122, 122, '2019-07-22'); 
INSERT INTO "public".historia_wyroku( id_wyroku, data_orzekniecia, dlugosc_wyroku ) VALUES (122, '2019-07-22', '5 years'); 
INSERT INTO "public".historia_wiezniowie( id_wieznia, data_rozpoczecia ) VALUES (122, '2019-07-23');
INSERT INTO "public".wiezniowie_wyroki( id_wyroku ,id_wieznia, data_skazania ) VALUES ( 123, 123, '2020-02-24'); 
INSERT INTO "public".historia_wyroku( id_wyroku, data_orzekniecia, dlugosc_wyroku ) VALUES (123, '2020-02-24', '13 years'); 
INSERT INTO "public".historia_wiezniowie( id_wieznia, data_rozpoczecia ) VALUES (123, '2020-02-25');
INSERT INTO "public".wiezniowie_wyroki( id_wyroku ,id_wieznia, data_skazania ) VALUES ( 124, 124, '2017-08-07'); 
INSERT INTO "public".historia_wyroku( id_wyroku, data_orzekniecia, dlugosc_wyroku ) VALUES (124, '2017-08-07', '6 years'); 
INSERT INTO "public".historia_wiezniowie( id_wieznia, data_rozpoczecia ) VALUES (124, '2017-08-08'); 
INSERT INTO "public".wiezniowie_gangi( id_wieznia, id_gangu, data_przystapienia ) VALUES (124, 3, '2018-02-6');
INSERT INTO "public".wiezniowie_wyroki( id_wyroku ,id_wieznia, data_skazania ) VALUES ( 125, 125, '2016-05-25'); 
INSERT INTO "public".historia_wyroku( id_wyroku, data_orzekniecia, dlugosc_wyroku ) VALUES (125, '2016-05-25', '2 years'); 
INSERT INTO "public".historia_wiezniowie( id_wieznia, data_rozpoczecia, data_zakonczenia, powod ) VALUES (125, '2016-05-25', '2018-06-25', 1 ); 
SELECT wywal_wieznia( 125, '2018-06-25' );
INSERT INTO "public".wiezniowie_wyroki( id_wyroku ,id_wieznia, data_skazania ) VALUES ( 126, 126, '2016-05-05'); 
INSERT INTO "public".historia_wyroku( id_wyroku, data_orzekniecia, dlugosc_wyroku ) VALUES (126, '2016-05-05', '15 years'); 
INSERT INTO "public".historia_wiezniowie( id_wieznia, data_rozpoczecia ) VALUES (126, '2016-05-06');
INSERT INTO "public".wiezniowie_wyroki( id_wyroku ,id_wieznia, data_skazania ) VALUES ( 127, 127, '2017-04-28'); 
INSERT INTO "public".historia_wyroku( id_wyroku, data_orzekniecia, dlugosc_wyroku ) VALUES (127, '2017-04-28', '5 years'); 
INSERT INTO "public".historia_wiezniowie( id_wieznia, data_rozpoczecia, data_zakonczenia, powod ) VALUES (127, '2017-04-28', '2022-05-28', 1 ); 
SELECT wywal_wieznia( 127, '2022-05-28' );
INSERT INTO "public".wiezniowie_wyroki( id_wyroku ,id_wieznia, data_skazania ) VALUES ( 128, 128, '2017-03-22'); 
INSERT INTO "public".historia_wyroku( id_wyroku, data_orzekniecia, dlugosc_wyroku ) VALUES (128, '2017-03-22', '6 months'); 
INSERT INTO "public".historia_wiezniowie( id_wieznia, data_rozpoczecia, data_zakonczenia, powod ) VALUES (128, '2017-03-22', '2017-10-22', 1 ); 
SELECT wywal_wieznia( 128, '2017-10-22' );
INSERT INTO "public".wiezniowie_wyroki( id_wyroku ,id_wieznia, data_skazania ) VALUES ( 129, 129, '2017-11-22'); 
INSERT INTO "public".historia_wyroku( id_wyroku, data_orzekniecia, dlugosc_wyroku ) VALUES (129, '2017-11-22', '8 years'); 
INSERT INTO "public".historia_wiezniowie( id_wieznia, data_rozpoczecia ) VALUES (129, '2017-11-23');
INSERT INTO "public".wiezniowie_wyroki( id_wyroku ,id_wieznia, data_skazania ) VALUES ( 130, 130, '2015-03-25'); 
INSERT INTO "public".historia_wyroku( id_wyroku, data_orzekniecia, dlugosc_wyroku ) VALUES (130, '2015-03-25', '14 years'); 
INSERT INTO "public".historia_wiezniowie( id_wieznia, data_rozpoczecia ) VALUES (130, '2015-03-26');
INSERT INTO "public".wiezniowie_wyroki( id_wyroku ,id_wieznia, data_skazania ) VALUES ( 131, 131, '2017-09-17'); 
INSERT INTO "public".historia_wyroku( id_wyroku, data_orzekniecia, dlugosc_wyroku ) VALUES (131, '2017-09-17', '7 years'); 
INSERT INTO "public".historia_wiezniowie( id_wieznia, data_rozpoczecia ) VALUES (131, '2017-09-18');
INSERT INTO "public".wiezniowie_wyroki( id_wyroku ,id_wieznia, data_skazania ) VALUES ( 132, 132, '2016-03-16'); 
INSERT INTO "public".historia_wyroku( id_wyroku, data_orzekniecia, dlugosc_wyroku ) VALUES (132, '2016-03-16', '12 years'); 
INSERT INTO "public".historia_wiezniowie( id_wieznia, data_rozpoczecia ) VALUES (132, '2016-03-17'); 
INSERT INTO "public".wiezniowie_gangi( id_wieznia, id_gangu, data_przystapienia ) VALUES (132, 1, '2017-02-3');
INSERT INTO "public".wiezniowie_wyroki( id_wyroku ,id_wieznia, data_skazania ) VALUES ( 133, 133, '2020-03-23'); 
INSERT INTO "public".historia_wyroku( id_wyroku, data_orzekniecia, dlugosc_wyroku ) VALUES (133, '2020-03-23', '9 years'); 
INSERT INTO "public".historia_wiezniowie( id_wieznia, data_rozpoczecia ) VALUES (133, '2020-03-24');
INSERT INTO "public".wiezniowie_wyroki( id_wyroku ,id_wieznia, data_skazania ) VALUES ( 134, 134, '2019-06-17'); 
INSERT INTO "public".historia_wyroku( id_wyroku, data_orzekniecia, dlugosc_wyroku ) VALUES (134, '2019-06-17', '10 years'); 
INSERT INTO "public".historia_wiezniowie( id_wieznia, data_rozpoczecia ) VALUES (134, '2019-06-18');
INSERT INTO "public".wiezniowie_wyroki( id_wyroku ,id_wieznia, data_skazania ) VALUES ( 135, 135, '2017-08-16'); 
INSERT INTO "public".historia_wyroku( id_wyroku, data_orzekniecia, dlugosc_wyroku ) VALUES (135, '2017-08-16', '6 months'); 
INSERT INTO "public".historia_wiezniowie( id_wieznia, data_rozpoczecia, data_zakonczenia, powod ) VALUES (135, '2017-08-16', '2018-03-16', 1 ); 
SELECT wywal_wieznia( 135, '2018-03-16' );
INSERT INTO "public".wiezniowie_wyroki( id_wyroku ,id_wieznia, data_skazania ) VALUES ( 136, 136, '2015-05-16'); 
INSERT INTO "public".historia_wyroku( id_wyroku, data_orzekniecia, dlugosc_wyroku ) VALUES (136, '2015-05-16', '13 years'); 
INSERT INTO "public".historia_wiezniowie( id_wieznia, data_rozpoczecia ) VALUES (136, '2015-05-17'); 
INSERT INTO "public".wiezniowie_gangi( id_wieznia, id_gangu, data_przystapienia ) VALUES (136, 1, '2020-05-23');
INSERT INTO "public".wiezniowie_wyroki( id_wyroku ,id_wieznia, data_skazania ) VALUES ( 137, 137, '2018-12-24'); 
INSERT INTO "public".historia_wyroku( id_wyroku, data_orzekniecia, dlugosc_wyroku ) VALUES (137, '2018-12-24', '7 years'); 
INSERT INTO "public".historia_wiezniowie( id_wieznia, data_rozpoczecia ) VALUES (137, '2018-12-25');
INSERT INTO "public".wiezniowie_wyroki( id_wyroku ,id_wieznia, data_skazania ) VALUES ( 138, 138, '2016-03-16'); 
INSERT INTO "public".historia_wyroku( id_wyroku, data_orzekniecia, dlugosc_wyroku ) VALUES (138, '2016-03-16', '8 years'); 
INSERT INTO "public".historia_wiezniowie( id_wieznia, data_rozpoczecia ) VALUES (138, '2016-03-17');
INSERT INTO "public".wiezniowie_wyroki( id_wyroku ,id_wieznia, data_skazania ) VALUES ( 139, 139, '2017-03-20'); 
INSERT INTO "public".historia_wyroku( id_wyroku, data_orzekniecia, dlugosc_wyroku ) VALUES (139, '2017-03-20', '5 years'); 
INSERT INTO "public".historia_wiezniowie( id_wieznia, data_rozpoczecia, data_zakonczenia, powod ) VALUES (139, '2017-03-20', '2022-04-20', 1 ); 
SELECT wywal_wieznia( 139, '2022-04-20' );
INSERT INTO "public".wiezniowie_wyroki( id_wyroku ,id_wieznia, data_skazania ) VALUES ( 140, 140, '2018-06-27'); 
INSERT INTO "public".historia_wyroku( id_wyroku, data_orzekniecia, dlugosc_wyroku ) VALUES (140, '2018-06-27', '6 months'); 
INSERT INTO "public".historia_wiezniowie( id_wieznia, data_rozpoczecia, data_zakonczenia, powod ) VALUES (140, '2018-06-27', '2019-01-27', 1 ); 
SELECT wywal_wieznia( 140, '2019-01-27' );
INSERT INTO "public".wiezniowie_wyroki( id_wyroku ,id_wieznia, data_skazania ) VALUES ( 141, 141, '2019-08-23'); 
INSERT INTO "public".historia_wyroku( id_wyroku, data_orzekniecia, dlugosc_wyroku ) VALUES (141, '2019-08-23', '15 years'); 
INSERT INTO "public".historia_wiezniowie( id_wieznia, data_rozpoczecia ) VALUES (141, '2019-08-24');
INSERT INTO "public".wiezniowie_wyroki( id_wyroku ,id_wieznia, data_skazania ) VALUES ( 142, 142, '2019-10-05'); 
INSERT INTO "public".historia_wyroku( id_wyroku, data_orzekniecia, dlugosc_wyroku ) VALUES (142, '2019-10-05', '4 years'); 
INSERT INTO "public".historia_wiezniowie( id_wieznia, data_rozpoczecia ) VALUES (142, '2019-10-06');
INSERT INTO "public".wiezniowie_wyroki( id_wyroku ,id_wieznia, data_skazania ) VALUES ( 143, 143, '2015-12-07'); 
INSERT INTO "public".historia_wyroku( id_wyroku, data_orzekniecia, dlugosc_wyroku ) VALUES (143, '2015-12-07', '15 years'); 
INSERT INTO "public".historia_wiezniowie( id_wieznia, data_rozpoczecia ) VALUES (143, '2015-12-08');
INSERT INTO "public".wiezniowie_wyroki( id_wyroku ,id_wieznia, data_skazania ) VALUES ( 144, 144, '2018-10-16'); 
INSERT INTO "public".historia_wyroku( id_wyroku, data_orzekniecia, dlugosc_wyroku ) VALUES (144, '2018-10-16', '2 years'); 
INSERT INTO "public".historia_wiezniowie( id_wieznia, data_rozpoczecia, data_zakonczenia, powod ) VALUES (144, '2018-10-16', '2020-11-16', 1 ); 
SELECT wywal_wieznia( 144, '2020-11-16' );
INSERT INTO "public".wiezniowie_wyroki( id_wyroku ,id_wieznia, data_skazania ) VALUES ( 145, 145, '2018-11-01'); 
INSERT INTO "public".historia_wyroku( id_wyroku, data_orzekniecia, dlugosc_wyroku ) VALUES (145, '2018-11-01', '10 years'); 
INSERT INTO "public".historia_wiezniowie( id_wieznia, data_rozpoczecia ) VALUES (145, '2018-11-02');
INSERT INTO "public".wiezniowie_wyroki( id_wyroku ,id_wieznia, data_skazania ) VALUES ( 146, 146, '2016-05-04'); 
INSERT INTO "public".historia_wyroku( id_wyroku, data_orzekniecia, dlugosc_wyroku ) VALUES (146, '2016-05-04', '3 years'); 
INSERT INTO "public".historia_wiezniowie( id_wieznia, data_rozpoczecia, data_zakonczenia, powod ) VALUES (146, '2016-05-04', '2019-06-4', 1 ); 
SELECT wywal_wieznia( 146, '2019-06-4' );
INSERT INTO "public".wiezniowie_wyroki( id_wyroku ,id_wieznia, data_skazania ) VALUES ( 147, 147, '2020-11-07'); 
INSERT INTO "public".historia_wyroku( id_wyroku, data_orzekniecia, dlugosc_wyroku ) VALUES (147, '2020-11-07', '15 years'); 
INSERT INTO "public".historia_wiezniowie( id_wieznia, data_rozpoczecia ) VALUES (147, '2020-11-08');
INSERT INTO "public".wiezniowie_wyroki( id_wyroku ,id_wieznia, data_skazania ) VALUES ( 148, 148, '2020-04-26'); 
INSERT INTO "public".historia_wyroku( id_wyroku, data_orzekniecia, dlugosc_wyroku ) VALUES (148, '2020-04-26', '8 years'); 
INSERT INTO "public".historia_wiezniowie( id_wieznia, data_rozpoczecia ) VALUES (148, '2020-04-27'); 
INSERT INTO "public".wiezniowie_gangi( id_wieznia, id_gangu, data_przystapienia ) VALUES (148, 1, '2021-07-3');
INSERT INTO "public".wiezniowie_wyroki( id_wyroku ,id_wieznia, data_skazania ) VALUES ( 149, 149, '2015-10-14'); 
INSERT INTO "public".historia_wyroku( id_wyroku, data_orzekniecia, dlugosc_wyroku ) VALUES (149, '2015-10-14', '5 years'); 
INSERT INTO "public".historia_wiezniowie( id_wieznia, data_rozpoczecia, data_zakonczenia, powod ) VALUES (149, '2015-10-14', '2020-11-14', 1 ); 
SELECT wywal_wieznia( 149, '2020-11-14' );
INSERT INTO "public".wiezniowie_wyroki( id_wyroku ,id_wieznia, data_skazania ) VALUES ( 150, 150, '2020-05-21'); 
INSERT INTO "public".historia_wyroku( id_wyroku, data_orzekniecia, dlugosc_wyroku ) VALUES (150, '2020-05-21', '11 years'); 
INSERT INTO "public".historia_wiezniowie( id_wieznia, data_rozpoczecia ) VALUES (150, '2020-05-22');
INSERT INTO "public".wiezniowie_wyroki( id_wyroku ,id_wieznia, data_skazania ) VALUES ( 151, 151, '2017-06-06'); 
INSERT INTO "public".historia_wyroku( id_wyroku, data_orzekniecia, dlugosc_wyroku ) VALUES (151, '2017-06-06', '6 years'); 
INSERT INTO "public".historia_wiezniowie( id_wieznia, data_rozpoczecia ) VALUES (151, '2017-06-07');
INSERT INTO "public".wiezniowie_wyroki( id_wyroku ,id_wieznia, data_skazania ) VALUES ( 152, 152, '2017-04-25'); 
INSERT INTO "public".historia_wyroku( id_wyroku, data_orzekniecia, dlugosc_wyroku ) VALUES (152, '2017-04-25', '3 years'); 
INSERT INTO "public".historia_wiezniowie( id_wieznia, data_rozpoczecia, data_zakonczenia, powod ) VALUES (152, '2017-04-25', '2020-05-25', 1 ); 
SELECT wywal_wieznia( 152, '2020-05-25' );
INSERT INTO "public".wiezniowie_wyroki( id_wyroku ,id_wieznia, data_skazania ) VALUES ( 153, 153, '2016-12-19'); 
INSERT INTO "public".historia_wyroku( id_wyroku, data_orzekniecia, dlugosc_wyroku ) VALUES (153, '2016-12-19', '9 years'); 
INSERT INTO "public".historia_wiezniowie( id_wieznia, data_rozpoczecia ) VALUES (153, '2016-12-20');
INSERT INTO "public".wiezniowie_wyroki( id_wyroku ,id_wieznia, data_skazania ) VALUES ( 154, 154, '2016-02-03'); 
INSERT INTO "public".historia_wyroku( id_wyroku, data_orzekniecia, dlugosc_wyroku ) VALUES (154, '2016-02-03', '6 months'); 
INSERT INTO "public".historia_wiezniowie( id_wieznia, data_rozpoczecia, data_zakonczenia, powod ) VALUES (154, '2016-02-03', '2016-09-3', 1 ); 
SELECT wywal_wieznia( 154, '2016-09-3' );
INSERT INTO "public".wiezniowie_wyroki( id_wyroku ,id_wieznia, data_skazania ) VALUES ( 155, 155, '2020-03-25'); 
INSERT INTO "public".historia_wyroku( id_wyroku, data_orzekniecia, dlugosc_wyroku ) VALUES (155, '2020-03-25', '9 years'); 
INSERT INTO "public".historia_wiezniowie( id_wieznia, data_rozpoczecia ) VALUES (155, '2020-03-26');
INSERT INTO "public".wiezniowie_wyroki( id_wyroku ,id_wieznia, data_skazania ) VALUES ( 156, 156, '2016-07-08'); 
INSERT INTO "public".historia_wyroku( id_wyroku, data_orzekniecia, dlugosc_wyroku ) VALUES (156, '2016-07-08', '12 years'); 
INSERT INTO "public".historia_wiezniowie( id_wieznia, data_rozpoczecia ) VALUES (156, '2016-07-09'); 
INSERT INTO "public".wiezniowie_gangi( id_wieznia, id_gangu, data_przystapienia ) VALUES (156, 1, '2020-09-27');
INSERT INTO "public".wiezniowie_wyroki( id_wyroku ,id_wieznia, data_skazania ) VALUES ( 157, 157, '2017-10-04'); 
INSERT INTO "public".historia_wyroku( id_wyroku, data_orzekniecia, dlugosc_wyroku ) VALUES (157, '2017-10-04', '7 years'); 
INSERT INTO "public".historia_wiezniowie( id_wieznia, data_rozpoczecia ) VALUES (157, '2017-10-05');
INSERT INTO "public".wiezniowie_wyroki( id_wyroku ,id_wieznia, data_skazania ) VALUES ( 158, 158, '2020-12-21'); 
INSERT INTO "public".historia_wyroku( id_wyroku, data_orzekniecia, dlugosc_wyroku ) VALUES (158, '2020-12-21', '10 years'); 
INSERT INTO "public".historia_wiezniowie( id_wieznia, data_rozpoczecia ) VALUES (158, '2020-12-22');
INSERT INTO "public".wiezniowie_wyroki( id_wyroku ,id_wieznia, data_skazania ) VALUES ( 159, 159, '2017-01-01'); 
INSERT INTO "public".historia_wyroku( id_wyroku, data_orzekniecia, dlugosc_wyroku ) VALUES (159, '2017-01-01', '13 years'); 
INSERT INTO "public".historia_wiezniowie( id_wieznia, data_rozpoczecia ) VALUES (159, '2017-01-02');
INSERT INTO "public".wiezniowie_wyroki( id_wyroku ,id_wieznia, data_skazania ) VALUES ( 160, 160, '2018-01-20'); 
INSERT INTO "public".historia_wyroku( id_wyroku, data_orzekniecia, dlugosc_wyroku ) VALUES (160, '2018-01-20', '10 years'); 
INSERT INTO "public".historia_wiezniowie( id_wieznia, data_rozpoczecia ) VALUES (160, '2018-01-21'); 
INSERT INTO "public".wiezniowie_gangi( id_wieznia, id_gangu, data_przystapienia ) VALUES (160, 2, '2020-12-9');
INSERT INTO "public".wiezniowie_wyroki( id_wyroku ,id_wieznia, data_skazania ) VALUES ( 161, 161, '2016-02-04'); 
INSERT INTO "public".historia_wyroku( id_wyroku, data_orzekniecia, dlugosc_wyroku ) VALUES (161, '2016-02-04', '11 years'); 
INSERT INTO "public".historia_wiezniowie( id_wieznia, data_rozpoczecia ) VALUES (161, '2016-02-05');
INSERT INTO "public".wiezniowie_wyroki( id_wyroku ,id_wieznia, data_skazania ) VALUES ( 162, 162, '2015-01-23'); 
INSERT INTO "public".historia_wyroku( id_wyroku, data_orzekniecia, dlugosc_wyroku ) VALUES (162, '2015-01-23', '5 years'); 
INSERT INTO "public".historia_wiezniowie( id_wieznia, data_rozpoczecia, data_zakonczenia, powod ) VALUES (162, '2015-01-23', '2020-02-23', 1 ); 
SELECT wywal_wieznia( 162, '2020-02-23' );
INSERT INTO "public".wiezniowie_wyroki( id_wyroku ,id_wieznia, data_skazania ) VALUES ( 163, 163, '2015-06-13'); 
INSERT INTO "public".historia_wyroku( id_wyroku, data_orzekniecia, dlugosc_wyroku ) VALUES (163, '2015-06-13', '4 years'); 
INSERT INTO "public".historia_wiezniowie( id_wieznia, data_rozpoczecia, data_zakonczenia, powod ) VALUES (163, '2015-06-13', '2019-07-13', 1 ); 
SELECT wywal_wieznia( 163, '2019-07-13' );
INSERT INTO "public".wiezniowie_wyroki( id_wyroku ,id_wieznia, data_skazania ) VALUES ( 164, 164, '2018-06-03'); 
INSERT INTO "public".historia_wyroku( id_wyroku, data_orzekniecia, dlugosc_wyroku ) VALUES (164, '2018-06-03', '6 years'); 
INSERT INTO "public".historia_wiezniowie( id_wieznia, data_rozpoczecia ) VALUES (164, '2018-06-04'); 
INSERT INTO "public".wiezniowie_gangi( id_wieznia, id_gangu, data_przystapienia ) VALUES (164, 2, '2019-11-13');
INSERT INTO "public".wiezniowie_wyroki( id_wyroku ,id_wieznia, data_skazania ) VALUES ( 165, 165, '2017-06-26'); 
INSERT INTO "public".historia_wyroku( id_wyroku, data_orzekniecia, dlugosc_wyroku ) VALUES (165, '2017-06-26', '6 months'); 
INSERT INTO "public".historia_wiezniowie( id_wieznia, data_rozpoczecia, data_zakonczenia, powod ) VALUES (165, '2017-06-26', '2018-01-26', 1 ); 
SELECT wywal_wieznia( 165, '2018-01-26' );
INSERT INTO "public".wiezniowie_wyroki( id_wyroku ,id_wieznia, data_skazania ) VALUES ( 166, 166, '2015-12-09'); 
INSERT INTO "public".historia_wyroku( id_wyroku, data_orzekniecia, dlugosc_wyroku ) VALUES (166, '2015-12-09', '10 years'); 
INSERT INTO "public".historia_wiezniowie( id_wieznia, data_rozpoczecia ) VALUES (166, '2015-12-10');
INSERT INTO "public".wiezniowie_wyroki( id_wyroku ,id_wieznia, data_skazania ) VALUES ( 167, 167, '2017-10-23'); 
INSERT INTO "public".historia_wyroku( id_wyroku, data_orzekniecia, dlugosc_wyroku ) VALUES (167, '2017-10-23', '7 years'); 
INSERT INTO "public".historia_wiezniowie( id_wieznia, data_rozpoczecia ) VALUES (167, '2017-10-24');
INSERT INTO "public".wiezniowie_wyroki( id_wyroku ,id_wieznia, data_skazania ) VALUES ( 168, 168, '2018-01-15'); 
INSERT INTO "public".historia_wyroku( id_wyroku, data_orzekniecia, dlugosc_wyroku ) VALUES (168, '2018-01-15', '7 years'); 
INSERT INTO "public".historia_wiezniowie( id_wieznia, data_rozpoczecia ) VALUES (168, '2018-01-16'); 
INSERT INTO "public".wiezniowie_gangi( id_wieznia, id_gangu, data_przystapienia ) VALUES (168, 1, '2021-06-2');
INSERT INTO "public".wiezniowie_wyroki( id_wyroku ,id_wieznia, data_skazania ) VALUES ( 169, 169, '2017-12-14'); 
INSERT INTO "public".historia_wyroku( id_wyroku, data_orzekniecia, dlugosc_wyroku ) VALUES (169, '2017-12-14', '2 years'); 
INSERT INTO "public".historia_wiezniowie( id_wieznia, data_rozpoczecia, data_zakonczenia, powod ) VALUES (169, '2017-12-14', '2020-01-14', 1 ); 
SELECT wywal_wieznia( 169, '2020-01-14' );
INSERT INTO "public".wiezniowie_wyroki( id_wyroku ,id_wieznia, data_skazania ) VALUES ( 170, 170, '2020-07-10'); 
INSERT INTO "public".historia_wyroku( id_wyroku, data_orzekniecia, dlugosc_wyroku ) VALUES (170, '2020-07-10', '5 years'); 
INSERT INTO "public".historia_wiezniowie( id_wieznia, data_rozpoczecia ) VALUES (170, '2020-07-11');
INSERT INTO "public".wiezniowie_wyroki( id_wyroku ,id_wieznia, data_skazania ) VALUES ( 171, 171, '2016-10-07'); 
INSERT INTO "public".historia_wyroku( id_wyroku, data_orzekniecia, dlugosc_wyroku ) VALUES (171, '2016-10-07', '3 years'); 
INSERT INTO "public".historia_wiezniowie( id_wieznia, data_rozpoczecia, data_zakonczenia, powod ) VALUES (171, '2016-10-07', '2019-11-7', 1 ); 
SELECT wywal_wieznia( 171, '2019-11-7' );
INSERT INTO "public".wiezniowie_wyroki( id_wyroku ,id_wieznia, data_skazania ) VALUES ( 172, 172, '2018-06-15'); 
INSERT INTO "public".historia_wyroku( id_wyroku, data_orzekniecia, dlugosc_wyroku ) VALUES (172, '2018-06-15', '11 years'); 
INSERT INTO "public".historia_wiezniowie( id_wieznia, data_rozpoczecia ) VALUES (172, '2018-06-16'); 
INSERT INTO "public".wiezniowie_gangi( id_wieznia, id_gangu, data_przystapienia ) VALUES (172, 3, '2021-04-4');
INSERT INTO "public".wiezniowie_wyroki( id_wyroku ,id_wieznia, data_skazania ) VALUES ( 173, 173, '2019-09-10'); 
INSERT INTO "public".historia_wyroku( id_wyroku, data_orzekniecia, dlugosc_wyroku ) VALUES (173, '2019-09-10', '8 years'); 
INSERT INTO "public".historia_wiezniowie( id_wieznia, data_rozpoczecia ) VALUES (173, '2019-09-11');
INSERT INTO "public".wiezniowie_wyroki( id_wyroku ,id_wieznia, data_skazania ) VALUES ( 174, 174, '2019-08-19'); 
INSERT INTO "public".historia_wyroku( id_wyroku, data_orzekniecia, dlugosc_wyroku ) VALUES (174, '2019-08-19', '6 months'); 
INSERT INTO "public".historia_wiezniowie( id_wieznia, data_rozpoczecia, data_zakonczenia, powod ) VALUES (174, '2019-08-19', '2020-03-19', 1 ); 
SELECT wywal_wieznia( 174, '2020-03-19' );
INSERT INTO "public".wiezniowie_wyroki( id_wyroku ,id_wieznia, data_skazania ) VALUES ( 175, 175, '2017-12-22'); 
INSERT INTO "public".historia_wyroku( id_wyroku, data_orzekniecia, dlugosc_wyroku ) VALUES (175, '2017-12-22', '6 months'); 
INSERT INTO "public".historia_wiezniowie( id_wieznia, data_rozpoczecia, data_zakonczenia, powod ) VALUES (175, '2017-12-22', '2018-07-22', 1 ); 
SELECT wywal_wieznia( 175, '2018-07-22' );
INSERT INTO "public".wiezniowie_wyroki( id_wyroku ,id_wieznia, data_skazania ) VALUES ( 176, 176, '2020-01-12'); 
INSERT INTO "public".historia_wyroku( id_wyroku, data_orzekniecia, dlugosc_wyroku ) VALUES (176, '2020-01-12', '6 months'); 
INSERT INTO "public".historia_wiezniowie( id_wieznia, data_rozpoczecia, data_zakonczenia, powod ) VALUES (176, '2020-01-12', '2020-08-12', 1 ); 
SELECT wywal_wieznia( 176, '2020-08-12' );
INSERT INTO "public".wiezniowie_wyroki( id_wyroku ,id_wieznia, data_skazania ) VALUES ( 177, 177, '2015-08-10'); 
INSERT INTO "public".historia_wyroku( id_wyroku, data_orzekniecia, dlugosc_wyroku ) VALUES (177, '2015-08-10', '6 years'); 
INSERT INTO "public".historia_wiezniowie( id_wieznia, data_rozpoczecia, data_zakonczenia, powod ) VALUES (177, '2015-08-10', '2021-09-10', 1 ); 
SELECT wywal_wieznia( 177, '2021-09-10' );
INSERT INTO "public".wiezniowie_wyroki( id_wyroku ,id_wieznia, data_skazania ) VALUES ( 178, 178, '2015-11-24'); 
INSERT INTO "public".historia_wyroku( id_wyroku, data_orzekniecia, dlugosc_wyroku ) VALUES (178, '2015-11-24', '10 years'); 
INSERT INTO "public".historia_wiezniowie( id_wieznia, data_rozpoczecia ) VALUES (178, '2015-11-25');
INSERT INTO "public".wiezniowie_wyroki( id_wyroku ,id_wieznia, data_skazania ) VALUES ( 179, 179, '2019-12-23'); 
INSERT INTO "public".historia_wyroku( id_wyroku, data_orzekniecia, dlugosc_wyroku ) VALUES (179, '2019-12-23', '8 years'); 
INSERT INTO "public".historia_wiezniowie( id_wieznia, data_rozpoczecia ) VALUES (179, '2019-12-24');
INSERT INTO "public".wiezniowie_wyroki( id_wyroku ,id_wieznia, data_skazania ) VALUES ( 180, 180, '2016-08-17'); 
INSERT INTO "public".historia_wyroku( id_wyroku, data_orzekniecia, dlugosc_wyroku ) VALUES (180, '2016-08-17', '8 years'); 
INSERT INTO "public".historia_wiezniowie( id_wieznia, data_rozpoczecia ) VALUES (180, '2016-08-18'); 
INSERT INTO "public".wiezniowie_gangi( id_wieznia, id_gangu, data_przystapienia ) VALUES (180, 2, '2020-11-11');
INSERT INTO "public".wiezniowie_wyroki( id_wyroku ,id_wieznia, data_skazania ) VALUES ( 181, 181, '2017-04-20'); 
INSERT INTO "public".historia_wyroku( id_wyroku, data_orzekniecia, dlugosc_wyroku ) VALUES (181, '2017-04-20', '13 years'); 
INSERT INTO "public".historia_wiezniowie( id_wieznia, data_rozpoczecia ) VALUES (181, '2017-04-21');
INSERT INTO "public".wiezniowie_wyroki( id_wyroku ,id_wieznia, data_skazania ) VALUES ( 182, 182, '2019-02-09'); 
INSERT INTO "public".historia_wyroku( id_wyroku, data_orzekniecia, dlugosc_wyroku ) VALUES (182, '2019-02-09', '3 years'); 
INSERT INTO "public".historia_wiezniowie( id_wieznia, data_rozpoczecia, data_zakonczenia, powod ) VALUES (182, '2019-02-09', '2022-03-9', 1 ); 
SELECT wywal_wieznia( 182, '2022-03-9' );
INSERT INTO "public".wiezniowie_wyroki( id_wyroku ,id_wieznia, data_skazania ) VALUES ( 183, 183, '2020-06-05'); 
INSERT INTO "public".historia_wyroku( id_wyroku, data_orzekniecia, dlugosc_wyroku ) VALUES (183, '2020-06-05', '2 years'); 
INSERT INTO "public".historia_wiezniowie( id_wieznia, data_rozpoczecia ) VALUES (183, '2020-06-06');
INSERT INTO "public".wiezniowie_wyroki( id_wyroku ,id_wieznia, data_skazania ) VALUES ( 184, 184, '2018-09-07'); 
INSERT INTO "public".historia_wyroku( id_wyroku, data_orzekniecia, dlugosc_wyroku ) VALUES (184, '2018-09-07', '12 years'); 
INSERT INTO "public".historia_wiezniowie( id_wieznia, data_rozpoczecia ) VALUES (184, '2018-09-08'); 
INSERT INTO "public".wiezniowie_gangi( id_wieznia, id_gangu, data_przystapienia ) VALUES (184, 3, '2021-02-16');
INSERT INTO "public".wiezniowie_wyroki( id_wyroku ,id_wieznia, data_skazania ) VALUES ( 185, 185, '2018-05-21'); 
INSERT INTO "public".historia_wyroku( id_wyroku, data_orzekniecia, dlugosc_wyroku ) VALUES (185, '2018-05-21', '3 years'); 
INSERT INTO "public".historia_wiezniowie( id_wieznia, data_rozpoczecia, data_zakonczenia, powod ) VALUES (185, '2018-05-21', '2021-06-21', 1 ); 
SELECT wywal_wieznia( 185, '2021-06-21' );
INSERT INTO "public".wiezniowie_wyroki( id_wyroku ,id_wieznia, data_skazania ) VALUES ( 186, 186, '2019-12-22'); 
INSERT INTO "public".historia_wyroku( id_wyroku, data_orzekniecia, dlugosc_wyroku ) VALUES (186, '2019-12-22', '11 years'); 
INSERT INTO "public".historia_wiezniowie( id_wieznia, data_rozpoczecia ) VALUES (186, '2019-12-23');
INSERT INTO "public".wiezniowie_wyroki( id_wyroku ,id_wieznia, data_skazania ) VALUES ( 187, 187, '2017-11-26'); 
INSERT INTO "public".historia_wyroku( id_wyroku, data_orzekniecia, dlugosc_wyroku ) VALUES (187, '2017-11-26', '5 years'); 
INSERT INTO "public".historia_wiezniowie( id_wieznia, data_rozpoczecia ) VALUES (187, '2017-11-27');
INSERT INTO "public".wiezniowie_wyroki( id_wyroku ,id_wieznia, data_skazania ) VALUES ( 188, 188, '2015-06-28'); 
INSERT INTO "public".historia_wyroku( id_wyroku, data_orzekniecia, dlugosc_wyroku ) VALUES (188, '2015-06-28', '6 months'); 
INSERT INTO "public".historia_wiezniowie( id_wieznia, data_rozpoczecia, data_zakonczenia, powod ) VALUES (188, '2015-06-28', '2016-01-28', 1 ); 
SELECT wywal_wieznia( 188, '2016-01-28' );
INSERT INTO "public".wiezniowie_wyroki( id_wyroku ,id_wieznia, data_skazania ) VALUES ( 189, 189, '2019-11-05'); 
INSERT INTO "public".historia_wyroku( id_wyroku, data_orzekniecia, dlugosc_wyroku ) VALUES (189, '2019-11-05', '3 years'); 
INSERT INTO "public".historia_wiezniowie( id_wieznia, data_rozpoczecia ) VALUES (189, '2019-11-06');
INSERT INTO "public".wiezniowie_wyroki( id_wyroku ,id_wieznia, data_skazania ) VALUES ( 190, 190, '2020-05-18'); 
INSERT INTO "public".historia_wyroku( id_wyroku, data_orzekniecia, dlugosc_wyroku ) VALUES (190, '2020-05-18', '5 years'); 
INSERT INTO "public".historia_wiezniowie( id_wieznia, data_rozpoczecia ) VALUES (190, '2020-05-19');
INSERT INTO "public".wiezniowie_wyroki( id_wyroku ,id_wieznia, data_skazania ) VALUES ( 191, 191, '2016-09-28'); 
INSERT INTO "public".historia_wyroku( id_wyroku, data_orzekniecia, dlugosc_wyroku ) VALUES (191, '2016-09-28', '7 years'); 
INSERT INTO "public".historia_wiezniowie( id_wieznia, data_rozpoczecia ) VALUES (191, '2016-09-29');
INSERT INTO "public".wiezniowie_wyroki( id_wyroku ,id_wieznia, data_skazania ) VALUES ( 192, 192, '2015-04-04'); 
INSERT INTO "public".historia_wyroku( id_wyroku, data_orzekniecia, dlugosc_wyroku ) VALUES (192, '2015-04-04', '6 years'); 
INSERT INTO "public".historia_wiezniowie( id_wieznia, data_rozpoczecia, data_zakonczenia, powod ) VALUES (192, '2015-04-04', '2021-05-4', 1 ); 
INSERT INTO "public".wiezniowie_gangi( id_wieznia, id_gangu, data_przystapienia ) VALUES (192, 4, '2018-12-3');
SELECT wywal_wieznia( 192, '2021-05-4' );
INSERT INTO "public".wiezniowie_wyroki( id_wyroku ,id_wieznia, data_skazania ) VALUES ( 193, 193, '2017-08-06'); 
INSERT INTO "public".historia_wyroku( id_wyroku, data_orzekniecia, dlugosc_wyroku ) VALUES (193, '2017-08-06', '2 years'); 
INSERT INTO "public".historia_wiezniowie( id_wieznia, data_rozpoczecia, data_zakonczenia, powod ) VALUES (193, '2017-08-06', '2019-09-6', 1 ); 
SELECT wywal_wieznia( 193, '2019-09-6' );
INSERT INTO "public".wiezniowie_wyroki( id_wyroku ,id_wieznia, data_skazania ) VALUES ( 194, 194, '2018-06-02'); 
INSERT INTO "public".historia_wyroku( id_wyroku, data_orzekniecia, dlugosc_wyroku ) VALUES (194, '2018-06-02', '7 years'); 
INSERT INTO "public".historia_wiezniowie( id_wieznia, data_rozpoczecia ) VALUES (194, '2018-06-03');
INSERT INTO "public".wiezniowie_wyroki( id_wyroku ,id_wieznia, data_skazania ) VALUES ( 195, 195, '2016-11-08'); 
INSERT INTO "public".historia_wyroku( id_wyroku, data_orzekniecia, dlugosc_wyroku ) VALUES (195, '2016-11-08', '3 years'); 
INSERT INTO "public".historia_wiezniowie( id_wieznia, data_rozpoczecia, data_zakonczenia, powod ) VALUES (195, '2016-11-08', '2019-12-8', 1 ); 
SELECT wywal_wieznia( 195, '2019-12-8' );
INSERT INTO "public".wiezniowie_wyroki( id_wyroku ,id_wieznia, data_skazania ) VALUES ( 196, 196, '2016-10-23'); 
INSERT INTO "public".historia_wyroku( id_wyroku, data_orzekniecia, dlugosc_wyroku ) VALUES (196, '2016-10-23', '8 years'); 
INSERT INTO "public".historia_wiezniowie( id_wieznia, data_rozpoczecia ) VALUES (196, '2016-10-24'); 
INSERT INTO "public".wiezniowie_gangi( id_wieznia, id_gangu, data_przystapienia ) VALUES (196, 1, '2018-07-8');
INSERT INTO "public".wiezniowie_wyroki( id_wyroku ,id_wieznia, data_skazania ) VALUES ( 197, 197, '2019-11-16'); 
INSERT INTO "public".historia_wyroku( id_wyroku, data_orzekniecia, dlugosc_wyroku ) VALUES (197, '2019-11-16', '5 years'); 
INSERT INTO "public".historia_wiezniowie( id_wieznia, data_rozpoczecia ) VALUES (197, '2019-11-17');
INSERT INTO "public".wiezniowie_wyroki( id_wyroku ,id_wieznia, data_skazania ) VALUES ( 198, 198, '2016-03-18'); 
INSERT INTO "public".historia_wyroku( id_wyroku, data_orzekniecia, dlugosc_wyroku ) VALUES (198, '2016-03-18', '7 years'); 
INSERT INTO "public".historia_wiezniowie( id_wieznia, data_rozpoczecia ) VALUES (198, '2016-03-19');
INSERT INTO "public".wiezniowie_wyroki( id_wyroku ,id_wieznia, data_skazania ) VALUES ( 199, 199, '2016-10-13'); 
INSERT INTO "public".historia_wyroku( id_wyroku, data_orzekniecia, dlugosc_wyroku ) VALUES (199, '2016-10-13', '9 years'); 
INSERT INTO "public".historia_wiezniowie( id_wieznia, data_rozpoczecia ) VALUES (199, '2016-10-14');
INSERT INTO "public".wiezniowie_wyroki( id_wyroku ,id_wieznia, data_skazania ) VALUES ( 200, 200, '2018-11-06'); 
INSERT INTO "public".historia_wyroku( id_wyroku, data_orzekniecia, dlugosc_wyroku ) VALUES (200, '2018-11-06', '6 months'); 
INSERT INTO "public".historia_wiezniowie( id_wieznia, data_rozpoczecia, data_zakonczenia, powod ) VALUES (200, '2018-11-06', '2019-06-6', 1 ); 
SELECT wywal_wieznia( 200, '2019-06-6' );
INSERT INTO "public".wiezniowie_wyroki( id_wyroku ,id_wieznia, data_skazania ) VALUES ( 201, 201, '2017-12-11'); 
INSERT INTO "public".historia_wyroku( id_wyroku, data_orzekniecia, dlugosc_wyroku ) VALUES (201, '2017-12-11', '5 years'); 
INSERT INTO "public".historia_wiezniowie( id_wieznia, data_rozpoczecia ) VALUES (201, '2017-12-12');
INSERT INTO "public".wiezniowie_wyroki( id_wyroku ,id_wieznia, data_skazania ) VALUES ( 202, 202, '2018-12-04'); 
INSERT INTO "public".historia_wyroku( id_wyroku, data_orzekniecia, dlugosc_wyroku ) VALUES (202, '2018-12-04', '10 years'); 
INSERT INTO "public".historia_wiezniowie( id_wieznia, data_rozpoczecia ) VALUES (202, '2018-12-05');
INSERT INTO "public".wiezniowie_wyroki( id_wyroku ,id_wieznia, data_skazania ) VALUES ( 203, 203, '2019-04-23'); 
INSERT INTO "public".historia_wyroku( id_wyroku, data_orzekniecia, dlugosc_wyroku ) VALUES (203, '2019-04-23', '5 years'); 
INSERT INTO "public".historia_wiezniowie( id_wieznia, data_rozpoczecia ) VALUES (203, '2019-04-24');
INSERT INTO "public".wiezniowie_wyroki( id_wyroku ,id_wieznia, data_skazania ) VALUES ( 204, 204, '2016-09-20'); 
INSERT INTO "public".historia_wyroku( id_wyroku, data_orzekniecia, dlugosc_wyroku ) VALUES (204, '2016-09-20', '2 years'); 
INSERT INTO "public".historia_wiezniowie( id_wieznia, data_rozpoczecia, data_zakonczenia, powod ) VALUES (204, '2016-09-20', '2018-10-20', 1 ); 
SELECT wywal_wieznia( 204, '2018-10-20' );
INSERT INTO "public".wiezniowie_wyroki( id_wyroku ,id_wieznia, data_skazania ) VALUES ( 205, 205, '2015-01-02'); 
INSERT INTO "public".historia_wyroku( id_wyroku, data_orzekniecia, dlugosc_wyroku ) VALUES (205, '2015-01-02', '4 years'); 
INSERT INTO "public".historia_wiezniowie( id_wieznia, data_rozpoczecia, data_zakonczenia, powod ) VALUES (205, '2015-01-02', '2019-02-2', 1 ); 
SELECT wywal_wieznia( 205, '2019-02-2' );
INSERT INTO "public".wiezniowie_wyroki( id_wyroku ,id_wieznia, data_skazania ) VALUES ( 206, 206, '2018-04-16'); 
INSERT INTO "public".historia_wyroku( id_wyroku, data_orzekniecia, dlugosc_wyroku ) VALUES (206, '2018-04-16', '15 years'); 
INSERT INTO "public".historia_wiezniowie( id_wieznia, data_rozpoczecia ) VALUES (206, '2018-04-17');
INSERT INTO "public".wiezniowie_wyroki( id_wyroku ,id_wieznia, data_skazania ) VALUES ( 207, 207, '2020-01-10'); 
INSERT INTO "public".historia_wyroku( id_wyroku, data_orzekniecia, dlugosc_wyroku ) VALUES (207, '2020-01-10', '8 years'); 
INSERT INTO "public".historia_wiezniowie( id_wieznia, data_rozpoczecia ) VALUES (207, '2020-01-11');
INSERT INTO "public".wiezniowie_wyroki( id_wyroku ,id_wieznia, data_skazania ) VALUES ( 208, 208, '2019-12-27'); 
INSERT INTO "public".historia_wyroku( id_wyroku, data_orzekniecia, dlugosc_wyroku ) VALUES (208, '2019-12-27', '6 months'); 
INSERT INTO "public".historia_wiezniowie( id_wieznia, data_rozpoczecia, data_zakonczenia, powod ) VALUES (208, '2019-12-27', '2020-07-27', 1 ); 
SELECT wywal_wieznia( 208, '2020-07-27' );
INSERT INTO "public".wiezniowie_wyroki( id_wyroku ,id_wieznia, data_skazania ) VALUES ( 209, 209, '2020-07-27'); 
INSERT INTO "public".historia_wyroku( id_wyroku, data_orzekniecia, dlugosc_wyroku ) VALUES (209, '2020-07-27', '6 months'); 
INSERT INTO "public".historia_wiezniowie( id_wieznia, data_rozpoczecia, data_zakonczenia, powod ) VALUES (209, '2020-07-27', '2021-02-27', 1 ); 
SELECT wywal_wieznia( 209, '2021-02-27' );
INSERT INTO "public".wiezniowie_wyroki( id_wyroku ,id_wieznia, data_skazania ) VALUES ( 210, 210, '2020-08-27'); 
INSERT INTO "public".historia_wyroku( id_wyroku, data_orzekniecia, dlugosc_wyroku ) VALUES (210, '2020-08-27', '2 years'); 
INSERT INTO "public".historia_wiezniowie( id_wieznia, data_rozpoczecia ) VALUES (210, '2020-08-28');
INSERT INTO "public".wiezniowie_wyroki( id_wyroku ,id_wieznia, data_skazania ) VALUES ( 211, 211, '2019-09-11'); 
INSERT INTO "public".historia_wyroku( id_wyroku, data_orzekniecia, dlugosc_wyroku ) VALUES (211, '2019-09-11', '11 years'); 
INSERT INTO "public".historia_wiezniowie( id_wieznia, data_rozpoczecia ) VALUES (211, '2019-09-12');
INSERT INTO "public".wiezniowie_wyroki( id_wyroku ,id_wieznia, data_skazania ) VALUES ( 212, 212, '2017-05-22'); 
INSERT INTO "public".historia_wyroku( id_wyroku, data_orzekniecia, dlugosc_wyroku ) VALUES (212, '2017-05-22', '7 years'); 
INSERT INTO "public".historia_wiezniowie( id_wieznia, data_rozpoczecia ) VALUES (212, '2017-05-23'); 
INSERT INTO "public".wiezniowie_gangi( id_wieznia, id_gangu, data_przystapienia ) VALUES (212, 3, '2020-01-17');
INSERT INTO "public".wiezniowie_wyroki( id_wyroku ,id_wieznia, data_skazania ) VALUES ( 213, 213, '2016-10-13'); 
INSERT INTO "public".historia_wyroku( id_wyroku, data_orzekniecia, dlugosc_wyroku ) VALUES (213, '2016-10-13', '6 months'); 
INSERT INTO "public".historia_wiezniowie( id_wieznia, data_rozpoczecia, data_zakonczenia, powod ) VALUES (213, '2016-10-13', '2017-05-13', 1 ); 
SELECT wywal_wieznia( 213, '2017-05-13' );
INSERT INTO "public".wiezniowie_wyroki( id_wyroku ,id_wieznia, data_skazania ) VALUES ( 214, 214, '2016-03-18'); 
INSERT INTO "public".historia_wyroku( id_wyroku, data_orzekniecia, dlugosc_wyroku ) VALUES (214, '2016-03-18', '13 years'); 
INSERT INTO "public".historia_wiezniowie( id_wieznia, data_rozpoczecia ) VALUES (214, '2016-03-19');
INSERT INTO "public".wiezniowie_wyroki( id_wyroku ,id_wieznia, data_skazania ) VALUES ( 215, 215, '2016-08-06'); 
INSERT INTO "public".historia_wyroku( id_wyroku, data_orzekniecia, dlugosc_wyroku ) VALUES (215, '2016-08-06', '14 years'); 
INSERT INTO "public".historia_wiezniowie( id_wieznia, data_rozpoczecia ) VALUES (215, '2016-08-07');
INSERT INTO "public".wiezniowie_wyroki( id_wyroku ,id_wieznia, data_skazania ) VALUES ( 216, 216, '2020-03-14'); 
INSERT INTO "public".historia_wyroku( id_wyroku, data_orzekniecia, dlugosc_wyroku ) VALUES (216, '2020-03-14', '5 years'); 
INSERT INTO "public".historia_wiezniowie( id_wieznia, data_rozpoczecia ) VALUES (216, '2020-03-15'); 
INSERT INTO "public".wiezniowie_gangi( id_wieznia, id_gangu, data_przystapienia ) VALUES (216, 4, '2021-08-25');
INSERT INTO "public".wiezniowie_wyroki( id_wyroku ,id_wieznia, data_skazania ) VALUES ( 217, 217, '2015-11-16'); 
INSERT INTO "public".historia_wyroku( id_wyroku, data_orzekniecia, dlugosc_wyroku ) VALUES (217, '2015-11-16', '5 years'); 
INSERT INTO "public".historia_wiezniowie( id_wieznia, data_rozpoczecia, data_zakonczenia, powod ) VALUES (217, '2015-11-16', '2020-12-16', 1 ); 
SELECT wywal_wieznia( 217, '2020-12-16' );
INSERT INTO "public".wiezniowie_wyroki( id_wyroku ,id_wieznia, data_skazania ) VALUES ( 218, 218, '2016-07-28'); 
INSERT INTO "public".historia_wyroku( id_wyroku, data_orzekniecia, dlugosc_wyroku ) VALUES (218, '2016-07-28', '11 years'); 
INSERT INTO "public".historia_wiezniowie( id_wieznia, data_rozpoczecia ) VALUES (218, '2016-07-29');
INSERT INTO "public".wiezniowie_wyroki( id_wyroku ,id_wieznia, data_skazania ) VALUES ( 219, 219, '2015-05-12'); 
INSERT INTO "public".historia_wyroku( id_wyroku, data_orzekniecia, dlugosc_wyroku ) VALUES (219, '2015-05-12', '12 years'); 
INSERT INTO "public".historia_wiezniowie( id_wieznia, data_rozpoczecia ) VALUES (219, '2015-05-13');
INSERT INTO "public".wiezniowie_wyroki( id_wyroku ,id_wieznia, data_skazania ) VALUES ( 220, 220, '2019-08-15'); 
INSERT INTO "public".historia_wyroku( id_wyroku, data_orzekniecia, dlugosc_wyroku ) VALUES (220, '2019-08-15', '6 years'); 
INSERT INTO "public".historia_wiezniowie( id_wieznia, data_rozpoczecia ) VALUES (220, '2019-08-16'); 
INSERT INTO "public".wiezniowie_gangi( id_wieznia, id_gangu, data_przystapienia ) VALUES (220, 1, '2020-11-4');
INSERT INTO "public".wiezniowie_wyroki( id_wyroku ,id_wieznia, data_skazania ) VALUES ( 221, 221, '2016-10-25'); 
INSERT INTO "public".historia_wyroku( id_wyroku, data_orzekniecia, dlugosc_wyroku ) VALUES (221, '2016-10-25', '6 years'); 
INSERT INTO "public".historia_wiezniowie( id_wieznia, data_rozpoczecia ) VALUES (221, '2016-10-26');
INSERT INTO "public".wiezniowie_wyroki( id_wyroku ,id_wieznia, data_skazania ) VALUES ( 222, 222, '2020-02-17'); 
INSERT INTO "public".historia_wyroku( id_wyroku, data_orzekniecia, dlugosc_wyroku ) VALUES (222, '2020-02-17', '3 years'); 
INSERT INTO "public".historia_wiezniowie( id_wieznia, data_rozpoczecia ) VALUES (222, '2020-02-18');
INSERT INTO "public".wiezniowie_wyroki( id_wyroku ,id_wieznia, data_skazania ) VALUES ( 223, 223, '2015-11-28'); 
INSERT INTO "public".historia_wyroku( id_wyroku, data_orzekniecia, dlugosc_wyroku ) VALUES (223, '2015-11-28', '13 years'); 
INSERT INTO "public".historia_wiezniowie( id_wieznia, data_rozpoczecia ) VALUES (223, '2015-11-29');
INSERT INTO "public".wiezniowie_wyroki( id_wyroku ,id_wieznia, data_skazania ) VALUES ( 224, 224, '2015-09-01'); 
INSERT INTO "public".historia_wyroku( id_wyroku, data_orzekniecia, dlugosc_wyroku ) VALUES (224, '2015-09-01', '14 years'); 
INSERT INTO "public".historia_wiezniowie( id_wieznia, data_rozpoczecia ) VALUES (224, '2015-09-02'); 
INSERT INTO "public".wiezniowie_gangi( id_wieznia, id_gangu, data_przystapienia ) VALUES (224, 4, '2021-07-28');
INSERT INTO "public".wiezniowie_wyroki( id_wyroku ,id_wieznia, data_skazania ) VALUES ( 225, 225, '2019-09-08'); 
INSERT INTO "public".historia_wyroku( id_wyroku, data_orzekniecia, dlugosc_wyroku ) VALUES (225, '2019-09-08', '12 years'); 
INSERT INTO "public".historia_wiezniowie( id_wieznia, data_rozpoczecia ) VALUES (225, '2019-09-09');
INSERT INTO "public".wiezniowie_wyroki( id_wyroku ,id_wieznia, data_skazania ) VALUES ( 226, 226, '2020-08-18'); 
INSERT INTO "public".historia_wyroku( id_wyroku, data_orzekniecia, dlugosc_wyroku ) VALUES (226, '2020-08-18', '2 years'); 
INSERT INTO "public".historia_wiezniowie( id_wieznia, data_rozpoczecia ) VALUES (226, '2020-08-19');
INSERT INTO "public".wiezniowie_wyroki( id_wyroku ,id_wieznia, data_skazania ) VALUES ( 227, 227, '2017-03-19'); 
INSERT INTO "public".historia_wyroku( id_wyroku, data_orzekniecia, dlugosc_wyroku ) VALUES (227, '2017-03-19', '9 years'); 
INSERT INTO "public".historia_wiezniowie( id_wieznia, data_rozpoczecia ) VALUES (227, '2017-03-20');
INSERT INTO "public".wiezniowie_wyroki( id_wyroku ,id_wieznia, data_skazania ) VALUES ( 228, 228, '2015-07-23'); 
INSERT INTO "public".historia_wyroku( id_wyroku, data_orzekniecia, dlugosc_wyroku ) VALUES (228, '2015-07-23', '11 years'); 
INSERT INTO "public".historia_wiezniowie( id_wieznia, data_rozpoczecia ) VALUES (228, '2015-07-24'); 
INSERT INTO "public".wiezniowie_gangi( id_wieznia, id_gangu, data_przystapienia ) VALUES (228, 2, '2018-04-19');
INSERT INTO "public".wiezniowie_wyroki( id_wyroku ,id_wieznia, data_skazania ) VALUES ( 229, 229, '2018-08-10'); 
INSERT INTO "public".historia_wyroku( id_wyroku, data_orzekniecia, dlugosc_wyroku ) VALUES (229, '2018-08-10', '10 years'); 
INSERT INTO "public".historia_wiezniowie( id_wieznia, data_rozpoczecia ) VALUES (229, '2018-08-11');
INSERT INTO "public".wiezniowie_wyroki( id_wyroku ,id_wieznia, data_skazania ) VALUES ( 230, 230, '2016-07-26'); 
INSERT INTO "public".historia_wyroku( id_wyroku, data_orzekniecia, dlugosc_wyroku ) VALUES (230, '2016-07-26', '6 years'); 
INSERT INTO "public".historia_wiezniowie( id_wieznia, data_rozpoczecia ) VALUES (230, '2016-07-27');
INSERT INTO "public".wiezniowie_wyroki( id_wyroku ,id_wieznia, data_skazania ) VALUES ( 231, 231, '2015-04-20'); 
INSERT INTO "public".historia_wyroku( id_wyroku, data_orzekniecia, dlugosc_wyroku ) VALUES (231, '2015-04-20', '12 years'); 
INSERT INTO "public".historia_wiezniowie( id_wieznia, data_rozpoczecia ) VALUES (231, '2015-04-21');
INSERT INTO "public".wiezniowie_wyroki( id_wyroku ,id_wieznia, data_skazania ) VALUES ( 232, 232, '2019-02-14'); 
INSERT INTO "public".historia_wyroku( id_wyroku, data_orzekniecia, dlugosc_wyroku ) VALUES (232, '2019-02-14', '8 years'); 
INSERT INTO "public".historia_wiezniowie( id_wieznia, data_rozpoczecia ) VALUES (232, '2019-02-15'); 
INSERT INTO "public".wiezniowie_gangi( id_wieznia, id_gangu, data_przystapienia ) VALUES (232, 3, '2021-09-28');
INSERT INTO "public".wiezniowie_wyroki( id_wyroku ,id_wieznia, data_skazania ) VALUES ( 233, 233, '2015-04-03'); 
INSERT INTO "public".historia_wyroku( id_wyroku, data_orzekniecia, dlugosc_wyroku ) VALUES (233, '2015-04-03', '10 years'); 
INSERT INTO "public".historia_wiezniowie( id_wieznia, data_rozpoczecia ) VALUES (233, '2015-04-04');
INSERT INTO "public".wiezniowie_wyroki( id_wyroku ,id_wieznia, data_skazania ) VALUES ( 234, 234, '2015-02-03'); 
INSERT INTO "public".historia_wyroku( id_wyroku, data_orzekniecia, dlugosc_wyroku ) VALUES (234, '2015-02-03', '6 months'); 
INSERT INTO "public".historia_wiezniowie( id_wieznia, data_rozpoczecia, data_zakonczenia, powod ) VALUES (234, '2015-02-03', '2015-09-3', 1 ); 
SELECT wywal_wieznia( 234, '2015-09-3' );
INSERT INTO "public".wiezniowie_wyroki( id_wyroku ,id_wieznia, data_skazania ) VALUES ( 235, 235, '2015-09-08'); 
INSERT INTO "public".historia_wyroku( id_wyroku, data_orzekniecia, dlugosc_wyroku ) VALUES (235, '2015-09-08', '8 years'); 
INSERT INTO "public".historia_wiezniowie( id_wieznia, data_rozpoczecia ) VALUES (235, '2015-09-09');
INSERT INTO "public".wiezniowie_wyroki( id_wyroku ,id_wieznia, data_skazania ) VALUES ( 236, 236, '2018-11-20'); 
INSERT INTO "public".historia_wyroku( id_wyroku, data_orzekniecia, dlugosc_wyroku ) VALUES (236, '2018-11-20', '6 years'); 
INSERT INTO "public".historia_wiezniowie( id_wieznia, data_rozpoczecia ) VALUES (236, '2018-11-21'); 
INSERT INTO "public".wiezniowie_gangi( id_wieznia, id_gangu, data_przystapienia ) VALUES (236, 4, '2020-09-5');
INSERT INTO "public".wiezniowie_wyroki( id_wyroku ,id_wieznia, data_skazania ) VALUES ( 237, 237, '2020-09-13'); 
INSERT INTO "public".historia_wyroku( id_wyroku, data_orzekniecia, dlugosc_wyroku ) VALUES (237, '2020-09-13', '8 years'); 
INSERT INTO "public".historia_wiezniowie( id_wieznia, data_rozpoczecia ) VALUES (237, '2020-09-14');
INSERT INTO "public".wiezniowie_wyroki( id_wyroku ,id_wieznia, data_skazania ) VALUES ( 238, 238, '2015-09-25'); 
INSERT INTO "public".historia_wyroku( id_wyroku, data_orzekniecia, dlugosc_wyroku ) VALUES (238, '2015-09-25', '2 years'); 
INSERT INTO "public".historia_wiezniowie( id_wieznia, data_rozpoczecia, data_zakonczenia, powod ) VALUES (238, '2015-09-25', '2017-10-25', 1 ); 
SELECT wywal_wieznia( 238, '2017-10-25' );
INSERT INTO "public".wiezniowie_wyroki( id_wyroku ,id_wieznia, data_skazania ) VALUES ( 239, 239, '2016-08-20'); 
INSERT INTO "public".historia_wyroku( id_wyroku, data_orzekniecia, dlugosc_wyroku ) VALUES (239, '2016-08-20', '2 years'); 
INSERT INTO "public".historia_wiezniowie( id_wieznia, data_rozpoczecia, data_zakonczenia, powod ) VALUES (239, '2016-08-20', '2018-09-20', 1 ); 
SELECT wywal_wieznia( 239, '2018-09-20' );
INSERT INTO "public".wiezniowie_wyroki( id_wyroku ,id_wieznia, data_skazania ) VALUES ( 240, 240, '2020-07-10'); 
INSERT INTO "public".historia_wyroku( id_wyroku, data_orzekniecia, dlugosc_wyroku ) VALUES (240, '2020-07-10', '5 years'); 
INSERT INTO "public".historia_wiezniowie( id_wieznia, data_rozpoczecia ) VALUES (240, '2020-07-11'); 
INSERT INTO "public".wiezniowie_gangi( id_wieznia, id_gangu, data_przystapienia ) VALUES (240, 2, '2021-01-15');
INSERT INTO "public".wiezniowie_wyroki( id_wyroku ,id_wieznia, data_skazania ) VALUES ( 241, 241, '2020-06-24'); 
INSERT INTO "public".historia_wyroku( id_wyroku, data_orzekniecia, dlugosc_wyroku ) VALUES (241, '2020-06-24', '4 years'); 
INSERT INTO "public".historia_wiezniowie( id_wieznia, data_rozpoczecia ) VALUES (241, '2020-06-25');
INSERT INTO "public".wiezniowie_wyroki( id_wyroku ,id_wieznia, data_skazania ) VALUES ( 242, 242, '2019-04-03'); 
INSERT INTO "public".historia_wyroku( id_wyroku, data_orzekniecia, dlugosc_wyroku ) VALUES (242, '2019-04-03', '13 years'); 
INSERT INTO "public".historia_wiezniowie( id_wieznia, data_rozpoczecia ) VALUES (242, '2019-04-04');
INSERT INTO "public".wiezniowie_wyroki( id_wyroku ,id_wieznia, data_skazania ) VALUES ( 243, 243, '2020-03-02'); 
INSERT INTO "public".historia_wyroku( id_wyroku, data_orzekniecia, dlugosc_wyroku ) VALUES (243, '2020-03-02', '15 years'); 
INSERT INTO "public".historia_wiezniowie( id_wieznia, data_rozpoczecia ) VALUES (243, '2020-03-03');
INSERT INTO "public".wiezniowie_wyroki( id_wyroku ,id_wieznia, data_skazania ) VALUES ( 244, 244, '2018-03-11'); 
INSERT INTO "public".historia_wyroku( id_wyroku, data_orzekniecia, dlugosc_wyroku ) VALUES (244, '2018-03-11', '2 years'); 
INSERT INTO "public".historia_wiezniowie( id_wieznia, data_rozpoczecia, data_zakonczenia, powod ) VALUES (244, '2018-03-11', '2020-04-11', 1 ); 
SELECT wywal_wieznia( 244, '2020-04-11' );
INSERT INTO "public".wiezniowie_wyroki( id_wyroku ,id_wieznia, data_skazania ) VALUES ( 245, 245, '2019-12-04'); 
INSERT INTO "public".historia_wyroku( id_wyroku, data_orzekniecia, dlugosc_wyroku ) VALUES (245, '2019-12-04', '12 years'); 
INSERT INTO "public".historia_wiezniowie( id_wieznia, data_rozpoczecia ) VALUES (245, '2019-12-05');
INSERT INTO "public".wiezniowie_wyroki( id_wyroku ,id_wieznia, data_skazania ) VALUES ( 246, 246, '2020-02-19'); 
INSERT INTO "public".historia_wyroku( id_wyroku, data_orzekniecia, dlugosc_wyroku ) VALUES (246, '2020-02-19', '9 years'); 
INSERT INTO "public".historia_wiezniowie( id_wieznia, data_rozpoczecia ) VALUES (246, '2020-02-20');
INSERT INTO "public".wiezniowie_wyroki( id_wyroku ,id_wieznia, data_skazania ) VALUES ( 247, 247, '2017-06-06'); 
INSERT INTO "public".historia_wyroku( id_wyroku, data_orzekniecia, dlugosc_wyroku ) VALUES (247, '2017-06-06', '3 years'); 
INSERT INTO "public".historia_wiezniowie( id_wieznia, data_rozpoczecia, data_zakonczenia, powod ) VALUES (247, '2017-06-06', '2020-07-6', 1 ); 
SELECT wywal_wieznia( 247, '2020-07-6' );
INSERT INTO "public".wiezniowie_wyroki( id_wyroku ,id_wieznia, data_skazania ) VALUES ( 248, 248, '2020-10-12'); 
INSERT INTO "public".historia_wyroku( id_wyroku, data_orzekniecia, dlugosc_wyroku ) VALUES (248, '2020-10-12', '4 years'); 
INSERT INTO "public".historia_wiezniowie( id_wieznia, data_rozpoczecia ) VALUES (248, '2020-10-13'); 
INSERT INTO "public".wiezniowie_gangi( id_wieznia, id_gangu, data_przystapienia ) VALUES (248, 1, '2021-10-17');
INSERT INTO "public".wiezniowie_wyroki( id_wyroku ,id_wieznia, data_skazania ) VALUES ( 249, 249, '2020-06-12'); 
INSERT INTO "public".historia_wyroku( id_wyroku, data_orzekniecia, dlugosc_wyroku ) VALUES (249, '2020-06-12', '6 months'); 
INSERT INTO "public".historia_wiezniowie( id_wieznia, data_rozpoczecia, data_zakonczenia, powod ) VALUES (249, '2020-06-12', '2021-01-12', 1 ); 
SELECT wywal_wieznia( 249, '2021-01-12' );
INSERT INTO "public".wiezniowie_wyroki( id_wyroku ,id_wieznia, data_skazania ) VALUES ( 250, 250, '2018-12-18'); 
INSERT INTO "public".historia_wyroku( id_wyroku, data_orzekniecia, dlugosc_wyroku ) VALUES (250, '2018-12-18', '6 months'); 
INSERT INTO "public".historia_wiezniowie( id_wieznia, data_rozpoczecia, data_zakonczenia, powod ) VALUES (250, '2018-12-18', '2019-07-18', 1 ); 
SELECT wywal_wieznia( 250, '2019-07-18' );
INSERT INTO "public".wiezniowie_wyroki( id_wyroku ,id_wieznia, data_skazania ) VALUES ( 251, 251, '2017-02-11'); 
INSERT INTO "public".historia_wyroku( id_wyroku, data_orzekniecia, dlugosc_wyroku ) VALUES (251, '2017-02-11', '10 years'); 
INSERT INTO "public".historia_wiezniowie( id_wieznia, data_rozpoczecia ) VALUES (251, '2017-02-12');
INSERT INTO "public".wiezniowie_wyroki( id_wyroku ,id_wieznia, data_skazania ) VALUES ( 252, 252, '2017-05-16'); 
INSERT INTO "public".historia_wyroku( id_wyroku, data_orzekniecia, dlugosc_wyroku ) VALUES (252, '2017-05-16', '15 years'); 
INSERT INTO "public".historia_wiezniowie( id_wieznia, data_rozpoczecia ) VALUES (252, '2017-05-17'); 
INSERT INTO "public".wiezniowie_gangi( id_wieznia, id_gangu, data_przystapienia ) VALUES (252, 4, '2018-03-27');
INSERT INTO "public".wiezniowie_wyroki( id_wyroku ,id_wieznia, data_skazania ) VALUES ( 253, 253, '2016-04-25'); 
INSERT INTO "public".historia_wyroku( id_wyroku, data_orzekniecia, dlugosc_wyroku ) VALUES (253, '2016-04-25', '13 years'); 
INSERT INTO "public".historia_wiezniowie( id_wieznia, data_rozpoczecia ) VALUES (253, '2016-04-26');
INSERT INTO "public".wiezniowie_wyroki( id_wyroku ,id_wieznia, data_skazania ) VALUES ( 254, 254, '2019-08-03'); 
INSERT INTO "public".historia_wyroku( id_wyroku, data_orzekniecia, dlugosc_wyroku ) VALUES (254, '2019-08-03', '9 years'); 
INSERT INTO "public".historia_wiezniowie( id_wieznia, data_rozpoczecia ) VALUES (254, '2019-08-04');
INSERT INTO "public".wiezniowie_wyroki( id_wyroku ,id_wieznia, data_skazania ) VALUES ( 255, 255, '2016-03-05'); 
INSERT INTO "public".historia_wyroku( id_wyroku, data_orzekniecia, dlugosc_wyroku ) VALUES (255, '2016-03-05', '6 months'); 
INSERT INTO "public".historia_wiezniowie( id_wieznia, data_rozpoczecia, data_zakonczenia, powod ) VALUES (255, '2016-03-05', '2016-10-5', 1 ); 
SELECT wywal_wieznia( 255, '2016-10-5' );
INSERT INTO "public".wiezniowie_wyroki( id_wyroku ,id_wieznia, data_skazania ) VALUES ( 256, 256, '2020-12-01'); 
INSERT INTO "public".historia_wyroku( id_wyroku, data_orzekniecia, dlugosc_wyroku ) VALUES (256, '2020-12-01', '5 years'); 
INSERT INTO "public".historia_wiezniowie( id_wieznia, data_rozpoczecia ) VALUES (256, '2020-12-02'); 
INSERT INTO "public".wiezniowie_gangi( id_wieznia, id_gangu, data_przystapienia ) VALUES (256, 3, '2021-03-2');
INSERT INTO "public".wiezniowie_wyroki( id_wyroku ,id_wieznia, data_skazania ) VALUES ( 257, 257, '2018-07-18'); 
INSERT INTO "public".historia_wyroku( id_wyroku, data_orzekniecia, dlugosc_wyroku ) VALUES (257, '2018-07-18', '14 years'); 
INSERT INTO "public".historia_wiezniowie( id_wieznia, data_rozpoczecia ) VALUES (257, '2018-07-19');
INSERT INTO "public".wiezniowie_wyroki( id_wyroku ,id_wieznia, data_skazania ) VALUES ( 258, 258, '2020-01-27'); 
INSERT INTO "public".historia_wyroku( id_wyroku, data_orzekniecia, dlugosc_wyroku ) VALUES (258, '2020-01-27', '12 years'); 
INSERT INTO "public".historia_wiezniowie( id_wieznia, data_rozpoczecia ) VALUES (258, '2020-01-28');
INSERT INTO "public".wiezniowie_wyroki( id_wyroku ,id_wieznia, data_skazania ) VALUES ( 259, 259, '2017-05-25'); 
INSERT INTO "public".historia_wyroku( id_wyroku, data_orzekniecia, dlugosc_wyroku ) VALUES (259, '2017-05-25', '13 years'); 
INSERT INTO "public".historia_wiezniowie( id_wieznia, data_rozpoczecia ) VALUES (259, '2017-05-26');
INSERT INTO "public".wiezniowie_wyroki( id_wyroku ,id_wieznia, data_skazania ) VALUES ( 260, 260, '2019-04-15'); 
INSERT INTO "public".historia_wyroku( id_wyroku, data_orzekniecia, dlugosc_wyroku ) VALUES (260, '2019-04-15', '6 months'); 
INSERT INTO "public".historia_wiezniowie( id_wieznia, data_rozpoczecia, data_zakonczenia, powod ) VALUES (260, '2019-04-15', '2019-11-15', 1 ); 
SELECT wywal_wieznia( 260, '2019-11-15' );
INSERT INTO "public".wiezniowie_wyroki( id_wyroku ,id_wieznia, data_skazania ) VALUES ( 261, 261, '2019-04-01'); 
INSERT INTO "public".historia_wyroku( id_wyroku, data_orzekniecia, dlugosc_wyroku ) VALUES (261, '2019-04-01', '6 months'); 
INSERT INTO "public".historia_wiezniowie( id_wieznia, data_rozpoczecia, data_zakonczenia, powod ) VALUES (261, '2019-04-01', '2019-11-1', 1 ); 
SELECT wywal_wieznia( 261, '2019-11-1' );
INSERT INTO "public".wiezniowie_wyroki( id_wyroku ,id_wieznia, data_skazania ) VALUES ( 262, 262, '2018-10-23'); 
INSERT INTO "public".historia_wyroku( id_wyroku, data_orzekniecia, dlugosc_wyroku ) VALUES (262, '2018-10-23', '6 months'); 
INSERT INTO "public".historia_wiezniowie( id_wieznia, data_rozpoczecia, data_zakonczenia, powod ) VALUES (262, '2018-10-23', '2019-05-23', 1 ); 
SELECT wywal_wieznia( 262, '2019-05-23' );
INSERT INTO "public".wiezniowie_wyroki( id_wyroku ,id_wieznia, data_skazania ) VALUES ( 263, 263, '2015-09-06'); 
INSERT INTO "public".historia_wyroku( id_wyroku, data_orzekniecia, dlugosc_wyroku ) VALUES (263, '2015-09-06', '6 months'); 
INSERT INTO "public".historia_wiezniowie( id_wieznia, data_rozpoczecia, data_zakonczenia, powod ) VALUES (263, '2015-09-06', '2016-04-6', 1 ); 
SELECT wywal_wieznia( 263, '2016-04-6' );
INSERT INTO "public".wiezniowie_wyroki( id_wyroku ,id_wieznia, data_skazania ) VALUES ( 264, 264, '2017-02-19'); 
INSERT INTO "public".historia_wyroku( id_wyroku, data_orzekniecia, dlugosc_wyroku ) VALUES (264, '2017-02-19', '8 years'); 
INSERT INTO "public".historia_wiezniowie( id_wieznia, data_rozpoczecia ) VALUES (264, '2017-02-20'); 
INSERT INTO "public".wiezniowie_gangi( id_wieznia, id_gangu, data_przystapienia ) VALUES (264, 4, '2020-03-5');
INSERT INTO "public".wiezniowie_wyroki( id_wyroku ,id_wieznia, data_skazania ) VALUES ( 265, 265, '2016-04-15'); 
INSERT INTO "public".historia_wyroku( id_wyroku, data_orzekniecia, dlugosc_wyroku ) VALUES (265, '2016-04-15', '13 years'); 
INSERT INTO "public".historia_wiezniowie( id_wieznia, data_rozpoczecia ) VALUES (265, '2016-04-16');
INSERT INTO "public".wiezniowie_wyroki( id_wyroku ,id_wieznia, data_skazania ) VALUES ( 266, 266, '2015-08-01'); 
INSERT INTO "public".historia_wyroku( id_wyroku, data_orzekniecia, dlugosc_wyroku ) VALUES (266, '2015-08-01', '10 years'); 
INSERT INTO "public".historia_wiezniowie( id_wieznia, data_rozpoczecia ) VALUES (266, '2015-08-02');
INSERT INTO "public".wiezniowie_wyroki( id_wyroku ,id_wieznia, data_skazania ) VALUES ( 267, 267, '2016-08-23'); 
INSERT INTO "public".historia_wyroku( id_wyroku, data_orzekniecia, dlugosc_wyroku ) VALUES (267, '2016-08-23', '5 years'); 
INSERT INTO "public".historia_wiezniowie( id_wieznia, data_rozpoczecia, data_zakonczenia, powod ) VALUES (267, '2016-08-23', '2021-09-23', 1 ); 
SELECT wywal_wieznia( 267, '2021-09-23' );
INSERT INTO "public".wiezniowie_wyroki( id_wyroku ,id_wieznia, data_skazania ) VALUES ( 268, 268, '2018-12-08'); 
INSERT INTO "public".historia_wyroku( id_wyroku, data_orzekniecia, dlugosc_wyroku ) VALUES (268, '2018-12-08', '8 years'); 
INSERT INTO "public".historia_wiezniowie( id_wieznia, data_rozpoczecia ) VALUES (268, '2018-12-09'); 
INSERT INTO "public".wiezniowie_gangi( id_wieznia, id_gangu, data_przystapienia ) VALUES (268, 3, '2020-08-2');
INSERT INTO "public".wiezniowie_wyroki( id_wyroku ,id_wieznia, data_skazania ) VALUES ( 269, 269, '2020-03-06'); 
INSERT INTO "public".historia_wyroku( id_wyroku, data_orzekniecia, dlugosc_wyroku ) VALUES (269, '2020-03-06', '7 years'); 
INSERT INTO "public".historia_wiezniowie( id_wieznia, data_rozpoczecia ) VALUES (269, '2020-03-07');
INSERT INTO "public".wiezniowie_wyroki( id_wyroku ,id_wieznia, data_skazania ) VALUES ( 270, 270, '2015-02-07'); 
INSERT INTO "public".historia_wyroku( id_wyroku, data_orzekniecia, dlugosc_wyroku ) VALUES (270, '2015-02-07', '12 years'); 
INSERT INTO "public".historia_wiezniowie( id_wieznia, data_rozpoczecia ) VALUES (270, '2015-02-08');
INSERT INTO "public".wiezniowie_wyroki( id_wyroku ,id_wieznia, data_skazania ) VALUES ( 271, 271, '2015-10-16'); 
INSERT INTO "public".historia_wyroku( id_wyroku, data_orzekniecia, dlugosc_wyroku ) VALUES (271, '2015-10-16', '4 years'); 
INSERT INTO "public".historia_wiezniowie( id_wieznia, data_rozpoczecia, data_zakonczenia, powod ) VALUES (271, '2015-10-16', '2019-11-16', 1 ); 
SELECT wywal_wieznia( 271, '2019-11-16' );
INSERT INTO "public".wiezniowie_wyroki( id_wyroku ,id_wieznia, data_skazania ) VALUES ( 272, 272, '2016-01-18'); 
INSERT INTO "public".historia_wyroku( id_wyroku, data_orzekniecia, dlugosc_wyroku ) VALUES (272, '2016-01-18', '15 years'); 
INSERT INTO "public".historia_wiezniowie( id_wieznia, data_rozpoczecia ) VALUES (272, '2016-01-19'); 
INSERT INTO "public".wiezniowie_gangi( id_wieznia, id_gangu, data_przystapienia ) VALUES (272, 4, '2019-04-9');
INSERT INTO "public".wiezniowie_wyroki( id_wyroku ,id_wieznia, data_skazania ) VALUES ( 273, 273, '2018-04-06'); 
INSERT INTO "public".historia_wyroku( id_wyroku, data_orzekniecia, dlugosc_wyroku ) VALUES (273, '2018-04-06', '15 years'); 
INSERT INTO "public".historia_wiezniowie( id_wieznia, data_rozpoczecia ) VALUES (273, '2018-04-07');
INSERT INTO "public".wiezniowie_wyroki( id_wyroku ,id_wieznia, data_skazania ) VALUES ( 274, 274, '2020-07-06'); 
INSERT INTO "public".historia_wyroku( id_wyroku, data_orzekniecia, dlugosc_wyroku ) VALUES (274, '2020-07-06', '6 years'); 
INSERT INTO "public".historia_wiezniowie( id_wieznia, data_rozpoczecia ) VALUES (274, '2020-07-07');
INSERT INTO "public".wiezniowie_wyroki( id_wyroku ,id_wieznia, data_skazania ) VALUES ( 275, 275, '2016-04-22'); 
INSERT INTO "public".historia_wyroku( id_wyroku, data_orzekniecia, dlugosc_wyroku ) VALUES (275, '2016-04-22', '4 years'); 
INSERT INTO "public".historia_wiezniowie( id_wieznia, data_rozpoczecia, data_zakonczenia, powod ) VALUES (275, '2016-04-22', '2020-05-22', 1 ); 
SELECT wywal_wieznia( 275, '2020-05-22' );
INSERT INTO "public".wiezniowie_wyroki( id_wyroku ,id_wieznia, data_skazania ) VALUES ( 276, 276, '2017-03-21'); 
INSERT INTO "public".historia_wyroku( id_wyroku, data_orzekniecia, dlugosc_wyroku ) VALUES (276, '2017-03-21', '12 years'); 
INSERT INTO "public".historia_wiezniowie( id_wieznia, data_rozpoczecia ) VALUES (276, '2017-03-22'); 
INSERT INTO "public".wiezniowie_gangi( id_wieznia, id_gangu, data_przystapienia ) VALUES (276, 4, '2020-01-11');
INSERT INTO "public".wiezniowie_wyroki( id_wyroku ,id_wieznia, data_skazania ) VALUES ( 277, 277, '2018-03-17'); 
INSERT INTO "public".historia_wyroku( id_wyroku, data_orzekniecia, dlugosc_wyroku ) VALUES (277, '2018-03-17', '7 years'); 
INSERT INTO "public".historia_wiezniowie( id_wieznia, data_rozpoczecia ) VALUES (277, '2018-03-18');
INSERT INTO "public".wiezniowie_wyroki( id_wyroku ,id_wieznia, data_skazania ) VALUES ( 278, 278, '2019-04-26'); 
INSERT INTO "public".historia_wyroku( id_wyroku, data_orzekniecia, dlugosc_wyroku ) VALUES (278, '2019-04-26', '10 years'); 
INSERT INTO "public".historia_wiezniowie( id_wieznia, data_rozpoczecia ) VALUES (278, '2019-04-27');
INSERT INTO "public".wiezniowie_wyroki( id_wyroku ,id_wieznia, data_skazania ) VALUES ( 279, 279, '2015-07-26'); 
INSERT INTO "public".historia_wyroku( id_wyroku, data_orzekniecia, dlugosc_wyroku ) VALUES (279, '2015-07-26', '6 months'); 
INSERT INTO "public".historia_wiezniowie( id_wieznia, data_rozpoczecia, data_zakonczenia, powod ) VALUES (279, '2015-07-26', '2016-02-26', 1 ); 
SELECT wywal_wieznia( 279, '2016-02-26' );
INSERT INTO "public".wiezniowie_wyroki( id_wyroku ,id_wieznia, data_skazania ) VALUES ( 280, 280, '2019-12-20'); 
INSERT INTO "public".historia_wyroku( id_wyroku, data_orzekniecia, dlugosc_wyroku ) VALUES (280, '2019-12-20', '8 years'); 
INSERT INTO "public".historia_wiezniowie( id_wieznia, data_rozpoczecia ) VALUES (280, '2019-12-21'); 
INSERT INTO "public".wiezniowie_gangi( id_wieznia, id_gangu, data_przystapienia ) VALUES (280, 2, '2021-11-18');
INSERT INTO "public".wiezniowie_wyroki( id_wyroku ,id_wieznia, data_skazania ) VALUES ( 281, 281, '2019-06-05'); 
INSERT INTO "public".historia_wyroku( id_wyroku, data_orzekniecia, dlugosc_wyroku ) VALUES (281, '2019-06-05', '13 years'); 
INSERT INTO "public".historia_wiezniowie( id_wieznia, data_rozpoczecia ) VALUES (281, '2019-06-06');
INSERT INTO "public".wiezniowie_wyroki( id_wyroku ,id_wieznia, data_skazania ) VALUES ( 282, 282, '2019-10-22'); 
INSERT INTO "public".historia_wyroku( id_wyroku, data_orzekniecia, dlugosc_wyroku ) VALUES (282, '2019-10-22', '11 years'); 
INSERT INTO "public".historia_wiezniowie( id_wieznia, data_rozpoczecia ) VALUES (282, '2019-10-23');
INSERT INTO "public".wiezniowie_wyroki( id_wyroku ,id_wieznia, data_skazania ) VALUES ( 283, 283, '2019-11-26'); 
INSERT INTO "public".historia_wyroku( id_wyroku, data_orzekniecia, dlugosc_wyroku ) VALUES (283, '2019-11-26', '9 years'); 
INSERT INTO "public".historia_wiezniowie( id_wieznia, data_rozpoczecia ) VALUES (283, '2019-11-27');
INSERT INTO "public".wiezniowie_wyroki( id_wyroku ,id_wieznia, data_skazania ) VALUES ( 284, 284, '2016-01-09'); 
INSERT INTO "public".historia_wyroku( id_wyroku, data_orzekniecia, dlugosc_wyroku ) VALUES (284, '2016-01-09', '15 years'); 
INSERT INTO "public".historia_wiezniowie( id_wieznia, data_rozpoczecia ) VALUES (284, '2016-01-10'); 
INSERT INTO "public".wiezniowie_gangi( id_wieznia, id_gangu, data_przystapienia ) VALUES (284, 3, '2020-09-13');
INSERT INTO "public".wiezniowie_wyroki( id_wyroku ,id_wieznia, data_skazania ) VALUES ( 285, 285, '2017-08-09'); 
INSERT INTO "public".historia_wyroku( id_wyroku, data_orzekniecia, dlugosc_wyroku ) VALUES (285, '2017-08-09', '7 years'); 
INSERT INTO "public".historia_wiezniowie( id_wieznia, data_rozpoczecia ) VALUES (285, '2017-08-10');
INSERT INTO "public".wiezniowie_wyroki( id_wyroku ,id_wieznia, data_skazania ) VALUES ( 286, 286, '2017-08-28'); 
INSERT INTO "public".historia_wyroku( id_wyroku, data_orzekniecia, dlugosc_wyroku ) VALUES (286, '2017-08-28', '4 years'); 
INSERT INTO "public".historia_wiezniowie( id_wieznia, data_rozpoczecia, data_zakonczenia, powod ) VALUES (286, '2017-08-28', '2021-09-28', 1 ); 
SELECT wywal_wieznia( 286, '2021-09-28' );
INSERT INTO "public".wiezniowie_wyroki( id_wyroku ,id_wieznia, data_skazania ) VALUES ( 287, 287, '2020-12-17'); 
INSERT INTO "public".historia_wyroku( id_wyroku, data_orzekniecia, dlugosc_wyroku ) VALUES (287, '2020-12-17', '15 years'); 
INSERT INTO "public".historia_wiezniowie( id_wieznia, data_rozpoczecia ) VALUES (287, '2020-12-18');
INSERT INTO "public".wiezniowie_wyroki( id_wyroku ,id_wieznia, data_skazania ) VALUES ( 288, 288, '2015-10-12'); 
INSERT INTO "public".historia_wyroku( id_wyroku, data_orzekniecia, dlugosc_wyroku ) VALUES (288, '2015-10-12', '15 years'); 
INSERT INTO "public".historia_wiezniowie( id_wieznia, data_rozpoczecia ) VALUES (288, '2015-10-13'); 
INSERT INTO "public".wiezniowie_gangi( id_wieznia, id_gangu, data_przystapienia ) VALUES (288, 1, '2019-04-5');
INSERT INTO "public".wiezniowie_wyroki( id_wyroku ,id_wieznia, data_skazania ) VALUES ( 289, 289, '2019-09-13'); 
INSERT INTO "public".historia_wyroku( id_wyroku, data_orzekniecia, dlugosc_wyroku ) VALUES (289, '2019-09-13', '14 years'); 
INSERT INTO "public".historia_wiezniowie( id_wieznia, data_rozpoczecia ) VALUES (289, '2019-09-14');
INSERT INTO "public".wiezniowie_wyroki( id_wyroku ,id_wieznia, data_skazania ) VALUES ( 290, 290, '2018-02-06'); 
INSERT INTO "public".historia_wyroku( id_wyroku, data_orzekniecia, dlugosc_wyroku ) VALUES (290, '2018-02-06', '3 years'); 
INSERT INTO "public".historia_wiezniowie( id_wieznia, data_rozpoczecia, data_zakonczenia, powod ) VALUES (290, '2018-02-06', '2021-03-6', 1 ); 
SELECT wywal_wieznia( 290, '2021-03-6' );
INSERT INTO "public".wiezniowie_wyroki( id_wyroku ,id_wieznia, data_skazania ) VALUES ( 291, 291, '2019-10-04'); 
INSERT INTO "public".historia_wyroku( id_wyroku, data_orzekniecia, dlugosc_wyroku ) VALUES (291, '2019-10-04', '6 years'); 
INSERT INTO "public".historia_wiezniowie( id_wieznia, data_rozpoczecia ) VALUES (291, '2019-10-05');
INSERT INTO "public".wiezniowie_wyroki( id_wyroku ,id_wieznia, data_skazania ) VALUES ( 292, 292, '2017-04-10'); 
INSERT INTO "public".historia_wyroku( id_wyroku, data_orzekniecia, dlugosc_wyroku ) VALUES (292, '2017-04-10', '4 years'); 
INSERT INTO "public".historia_wiezniowie( id_wieznia, data_rozpoczecia, data_zakonczenia, powod ) VALUES (292, '2017-04-10', '2021-05-10', 1 ); 
INSERT INTO "public".wiezniowie_gangi( id_wieznia, id_gangu, data_przystapienia ) VALUES (292, 4, '2019-12-25');
SELECT wywal_wieznia( 292, '2021-05-10' );
INSERT INTO "public".wiezniowie_wyroki( id_wyroku ,id_wieznia, data_skazania ) VALUES ( 293, 293, '2019-05-20'); 
INSERT INTO "public".historia_wyroku( id_wyroku, data_orzekniecia, dlugosc_wyroku ) VALUES (293, '2019-05-20', '6 years'); 
INSERT INTO "public".historia_wiezniowie( id_wieznia, data_rozpoczecia ) VALUES (293, '2019-05-21');
INSERT INTO "public".wiezniowie_wyroki( id_wyroku ,id_wieznia, data_skazania ) VALUES ( 294, 294, '2017-11-25'); 
INSERT INTO "public".historia_wyroku( id_wyroku, data_orzekniecia, dlugosc_wyroku ) VALUES (294, '2017-11-25', '3 years'); 
INSERT INTO "public".historia_wiezniowie( id_wieznia, data_rozpoczecia, data_zakonczenia, powod ) VALUES (294, '2017-11-25', '2020-12-25', 1 ); 
SELECT wywal_wieznia( 294, '2020-12-25' );
INSERT INTO "public".wiezniowie_wyroki( id_wyroku ,id_wieznia, data_skazania ) VALUES ( 295, 295, '2020-08-10'); 
INSERT INTO "public".historia_wyroku( id_wyroku, data_orzekniecia, dlugosc_wyroku ) VALUES (295, '2020-08-10', '5 years'); 
INSERT INTO "public".historia_wiezniowie( id_wieznia, data_rozpoczecia ) VALUES (295, '2020-08-11');
INSERT INTO "public".wiezniowie_wyroki( id_wyroku ,id_wieznia, data_skazania ) VALUES ( 296, 296, '2017-08-07'); 
INSERT INTO "public".historia_wyroku( id_wyroku, data_orzekniecia, dlugosc_wyroku ) VALUES (296, '2017-08-07', '8 years'); 
INSERT INTO "public".historia_wiezniowie( id_wieznia, data_rozpoczecia ) VALUES (296, '2017-08-08'); 
INSERT INTO "public".wiezniowie_gangi( id_wieznia, id_gangu, data_przystapienia ) VALUES (296, 3, '2018-04-21');
INSERT INTO "public".wiezniowie_wyroki( id_wyroku ,id_wieznia, data_skazania ) VALUES ( 297, 297, '2015-11-07'); 
INSERT INTO "public".historia_wyroku( id_wyroku, data_orzekniecia, dlugosc_wyroku ) VALUES (297, '2015-11-07', '6 months'); 
INSERT INTO "public".historia_wiezniowie( id_wieznia, data_rozpoczecia, data_zakonczenia, powod ) VALUES (297, '2015-11-07', '2016-06-7', 1 ); 
SELECT wywal_wieznia( 297, '2016-06-7' );
INSERT INTO "public".wiezniowie_wyroki( id_wyroku ,id_wieznia, data_skazania ) VALUES ( 298, 298, '2019-11-02'); 
INSERT INTO "public".historia_wyroku( id_wyroku, data_orzekniecia, dlugosc_wyroku ) VALUES (298, '2019-11-02', '11 years'); 
INSERT INTO "public".historia_wiezniowie( id_wieznia, data_rozpoczecia ) VALUES (298, '2019-11-03');
INSERT INTO "public".wiezniowie_wyroki( id_wyroku ,id_wieznia, data_skazania ) VALUES ( 299, 299, '2019-04-13'); 
INSERT INTO "public".historia_wyroku( id_wyroku, data_orzekniecia, dlugosc_wyroku ) VALUES (299, '2019-04-13', '6 months'); 
INSERT INTO "public".historia_wiezniowie( id_wieznia, data_rozpoczecia, data_zakonczenia, powod ) VALUES (299, '2019-04-13', '2019-11-13', 1 ); 
SELECT wywal_wieznia( 299, '2019-11-13' );
INSERT INTO "public".wiezniowie_wyroki( id_wyroku ,id_wieznia, data_skazania ) VALUES ( 300, 300, '2018-07-27'); 
INSERT INTO "public".historia_wyroku( id_wyroku, data_orzekniecia, dlugosc_wyroku ) VALUES (300, '2018-07-27', '3 years'); 
INSERT INTO "public".historia_wiezniowie( id_wieznia, data_rozpoczecia, data_zakonczenia, powod ) VALUES (300, '2018-07-27', '2021-08-27', 1 ); 
SELECT wywal_wieznia( 300, '2021-08-27' );


INSERT INTO "public".historia_liderow( id_gangu, id_wieznia, data_objecia_przywodztwa) VALUES ( 1, 220, '2020-11-4');
INSERT INTO "public".historia_liderow( id_gangu, id_wieznia, data_objecia_przywodztwa) VALUES ( 2, 280, '2021-11-18');
INSERT INTO "public".historia_liderow( id_gangu, id_wieznia, data_objecia_przywodztwa) VALUES ( 3, 296, '2018-04-21');
INSERT INTO "public".historia_liderow( id_gangu, id_wieznia, data_objecia_przywodztwa) VALUES ( 4, 276, '2020-01-11');


INSERT INTO "public".pracownicy(imie, nazwisko, pesel, plec, data_urodzenia ) VALUES ( 'MARIUSZ', 'MAJEWSKI', 87072413932, 'M', '1987-07-24');
INSERT INTO "public".pracownicy(imie, nazwisko, pesel, plec, data_urodzenia ) VALUES ( 'HALINA', 'WITKOWSKA', 61042011649, 'K', '1961-04-20');
INSERT INTO "public".pracownicy(imie, nazwisko, pesel, plec, data_urodzenia ) VALUES ( 'STANISŁAW', 'MARKOWSKI', 87112446375, 'M', '1987-11-24');
INSERT INTO "public".pracownicy(imie, nazwisko, pesel, plec, data_urodzenia ) VALUES ( 'EWA', 'WITKOWSKA', 75120707825, 'K', '1975-12-07');
INSERT INTO "public".pracownicy(imie, nazwisko, pesel, plec, data_urodzenia ) VALUES ( 'JULIA', 'WŁODARCZYK', 66071316125, 'K', '1966-07-13');
INSERT INTO "public".pracownicy(imie, nazwisko, pesel, plec, data_urodzenia ) VALUES ( 'ANNA', 'SZULC', 78110915042, 'K', '1978-11-09');
INSERT INTO "public".pracownicy(imie, nazwisko, pesel, plec, data_urodzenia ) VALUES ( 'KRZYSZTOF', 'CZARNECKI', 88051021719, 'M', '1988-05-10');
INSERT INTO "public".pracownicy(imie, nazwisko, pesel, plec, data_urodzenia ) VALUES ( 'DARIUSZ', 'KONIECZNY', 60031541097, 'M', '1960-03-15');
INSERT INTO "public".pracownicy(imie, nazwisko, pesel, plec, data_urodzenia ) VALUES ( 'RENATA', 'OSTROWSKA', 79042694469, 'K', '1979-04-26');
INSERT INTO "public".pracownicy(imie, nazwisko, pesel, plec, data_urodzenia ) VALUES ( 'MONIKA', 'ADAMSKA', 95110176806, 'K', '1995-11-01');
INSERT INTO "public".pracownicy(imie, nazwisko, pesel, plec, data_urodzenia ) VALUES ( 'MIROSŁAW', 'GŁOWACKI', 92021435718, 'M', '1992-02-14');
INSERT INTO "public".pracownicy(imie, nazwisko, pesel, plec, data_urodzenia ) VALUES ( 'MARIA', 'KOWALEWSKA', 79041931828, 'K', '1979-04-19');
INSERT INTO "public".pracownicy(imie, nazwisko, pesel, plec, data_urodzenia ) VALUES ( 'RYSZARD', 'LIS', 86021062432, 'M', '1986-02-10');
INSERT INTO "public".pracownicy(imie, nazwisko, pesel, plec, data_urodzenia ) VALUES ( 'WOJCIECH', 'NOWACKI', 60071438678, 'M', '1960-07-14');
INSERT INTO "public".pracownicy(imie, nazwisko, pesel, plec, data_urodzenia ) VALUES ( 'IWONA', 'CZARNECKA', 84102589368, 'K', '1984-10-25');
INSERT INTO "public".pracownicy(imie, nazwisko, pesel, plec, data_urodzenia ) VALUES ( 'MARIUSZ', 'DUDA', 70071782479, 'M', '1970-07-17');
INSERT INTO "public".pracownicy(imie, nazwisko, pesel, plec, data_urodzenia ) VALUES ( 'RYSZARD', 'JASTRZĘBSKI', 67040415317, 'M', '1967-04-04');
INSERT INTO "public".pracownicy(imie, nazwisko, pesel, plec, data_urodzenia ) VALUES ( 'JULIA', 'WŁODARCZYK', 99072035041, 'K', '1999-07-20');
INSERT INTO "public".pracownicy(imie, nazwisko, pesel, plec, data_urodzenia ) VALUES ( 'ARTUR', 'MARCINIAK', 93102821211, 'M', '1993-10-28');
INSERT INTO "public".pracownicy(imie, nazwisko, pesel, plec, data_urodzenia ) VALUES ( 'DAMIAN', 'WITKOWSKI', 63110255973, 'M', '1963-11-02');
INSERT INTO "public".pracownicy(imie, nazwisko, pesel, plec, data_urodzenia ) VALUES ( 'TERESA', 'KWIATKOWSKA', 83091335389, 'K', '1983-09-13');
INSERT INTO "public".pracownicy(imie, nazwisko, pesel, plec, data_urodzenia ) VALUES ( 'KACPER', 'STĘPIEŃ', 93062357337, 'M', '1993-06-23');
INSERT INTO "public".pracownicy(imie, nazwisko, pesel, plec, data_urodzenia ) VALUES ( 'MONIKA', 'KOZIOŁ', 67101965506, 'K', '1967-10-19');
INSERT INTO "public".pracownicy(imie, nazwisko, pesel, plec, data_urodzenia ) VALUES ( 'ADAM', 'TOMASZEWSKI', 68110413916, 'M', '1968-11-04');
INSERT INTO "public".pracownicy(imie, nazwisko, pesel, plec, data_urodzenia ) VALUES ( 'ALEKSANDRA', 'BORKOWSKA', 96020751246, 'K', '1996-02-07');
INSERT INTO "public".pracownicy(imie, nazwisko, pesel, plec, data_urodzenia ) VALUES ( 'ŁUKASZ', 'KRAWCZYK', 77011040899, 'M', '1977-01-10');
INSERT INTO "public".pracownicy(imie, nazwisko, pesel, plec, data_urodzenia ) VALUES ( 'JADWIGA', 'KUCHARSKA', 82041440443, 'K', '1982-04-14');
INSERT INTO "public".pracownicy(imie, nazwisko, pesel, plec, data_urodzenia ) VALUES ( 'MONIKA', 'SIKORSKA', 82092654745, 'K', '1982-09-26');
INSERT INTO "public".pracownicy(imie, nazwisko, pesel, plec, data_urodzenia ) VALUES ( 'SŁAWOMIR', 'URBAŃSKI', 70031856279, 'M', '1970-03-18');
INSERT INTO "public".pracownicy(imie, nazwisko, pesel, plec, data_urodzenia ) VALUES ( 'JACEK', 'KOŁODZIEJCZYK', 80112881159, 'M', '1980-11-28');
INSERT INTO "public".pracownicy(imie, nazwisko, pesel, plec, data_urodzenia ) VALUES ( 'SEBASTIAN', 'ŻAK', 76031775750, 'M', '1976-03-17');
INSERT INTO "public".pracownicy(imie, nazwisko, pesel, plec, data_urodzenia ) VALUES ( 'MACIEJ', 'NOWAK', 67091366914, 'M', '1967-09-13');
INSERT INTO "public".pracownicy(imie, nazwisko, pesel, plec, data_urodzenia ) VALUES ( 'HANNA', 'SOBCZAK', 96031907661, 'K', '1996-03-19');
INSERT INTO "public".pracownicy(imie, nazwisko, pesel, plec, data_urodzenia ) VALUES ( 'TERESA', 'BŁASZCZYK', 93090513088, 'K', '1993-09-05');
INSERT INTO "public".pracownicy(imie, nazwisko, pesel, plec, data_urodzenia ) VALUES ( 'NATALIA', 'CZAJKOWSKA', 99010222403, 'K', '1999-01-02');
INSERT INTO "public".pracownicy(imie, nazwisko, pesel, plec, data_urodzenia ) VALUES ( 'MICHAŁ', 'BRZOZOWSKI', 67112645851, 'M', '1967-11-26');
INSERT INTO "public".pracownicy(imie, nazwisko, pesel, plec, data_urodzenia ) VALUES ( 'URSZULA', 'JANKOWSKA', 81101559284, 'K', '1981-10-15');
INSERT INTO "public".pracownicy(imie, nazwisko, pesel, plec, data_urodzenia ) VALUES ( 'ZOFIA', 'TOMASZEWSKA', 69032805504, 'K', '1969-03-28');
INSERT INTO "public".pracownicy(imie, nazwisko, pesel, plec, data_urodzenia ) VALUES ( 'SYLWIA', 'KAMIŃSKA', 78062002647, 'K', '1978-06-20');
INSERT INTO "public".pracownicy(imie, nazwisko, pesel, plec, data_urodzenia ) VALUES ( 'ALICJA', 'LASKOWSKA', 96102139740, 'K', '1996-10-21');
INSERT INTO "public".pracownicy(imie, nazwisko, pesel, plec, data_urodzenia ) VALUES ( 'SZYMON', 'NOWAKOWSKI', 94112702934, 'M', '1994-11-27');
INSERT INTO "public".pracownicy(imie, nazwisko, pesel, plec, data_urodzenia ) VALUES ( 'TOMASZ', 'KRUK', 89112158557, 'M', '1989-11-21');
INSERT INTO "public".pracownicy(imie, nazwisko, pesel, plec, data_urodzenia ) VALUES ( 'HANNA', 'SAWICKA', 69120590622, 'K', '1969-12-05');
INSERT INTO "public".pracownicy(imie, nazwisko, pesel, plec, data_urodzenia ) VALUES ( 'STANISŁAW', 'KUBIAK', 82062821973, 'M', '1982-06-28');
INSERT INTO "public".pracownicy(imie, nazwisko, pesel, plec, data_urodzenia ) VALUES ( 'PAWEŁ', 'MAZUR', 65082416873, 'M', '1965-08-24');
INSERT INTO "public".pracownicy(imie, nazwisko, pesel, plec, data_urodzenia ) VALUES ( 'ANDRZEJ', 'KOZAK', 73081304716, 'M', '1973-08-13');
INSERT INTO "public".pracownicy(imie, nazwisko, pesel, plec, data_urodzenia ) VALUES ( 'SYLWIA', 'MUCHA', 86030937426, 'K', '1986-03-09');
INSERT INTO "public".pracownicy(imie, nazwisko, pesel, plec, data_urodzenia ) VALUES ( 'MARIUSZ', 'KARPIŃSKI', 82112206039, 'M', '1982-11-22');
INSERT INTO "public".pracownicy(imie, nazwisko, pesel, plec, data_urodzenia ) VALUES ( 'ZUZANNA', 'SOBCZAK', 77121449548, 'K', '1977-12-14');
INSERT INTO "public".pracownicy(imie, nazwisko, pesel, plec, data_urodzenia ) VALUES ( 'KAROLINA', 'GAJEWSKA', 93100249383, 'K', '1993-10-02');
INSERT INTO "public".pracownicy(imie, nazwisko, pesel, plec, data_urodzenia ) VALUES ( 'JACEK', 'MARKOWSKI', 70091375190, 'M', '1970-09-13');
INSERT INTO "public".pracownicy(imie, nazwisko, pesel, plec, data_urodzenia ) VALUES ( 'BOŻENA', 'KOŁODZIEJ', 95082149567, 'K', '1995-08-21');
INSERT INTO "public".pracownicy(imie, nazwisko, pesel, plec, data_urodzenia ) VALUES ( 'DOROTA', 'NOWAK', 72092587185, 'K', '1972-09-25');
INSERT INTO "public".pracownicy(imie, nazwisko, pesel, plec, data_urodzenia ) VALUES ( 'JERZY', 'BŁASZCZYK', 61080405354, 'M', '1961-08-04');
INSERT INTO "public".pracownicy(imie, nazwisko, pesel, plec, data_urodzenia ) VALUES ( 'PAWEŁ', 'SIKORA', 94101666373, 'M', '1994-10-16');
INSERT INTO "public".pracownicy(imie, nazwisko, pesel, plec, data_urodzenia ) VALUES ( 'BARTOSZ', 'WASILEWSKI', 63050715359, 'M', '1963-05-07');
INSERT INTO "public".pracownicy(imie, nazwisko, pesel, plec, data_urodzenia ) VALUES ( 'NATALIA', 'ZAJĄC', 78030481029, 'K', '1978-03-04');
INSERT INTO "public".pracownicy(imie, nazwisko, pesel, plec, data_urodzenia ) VALUES ( 'DAWID', 'BOROWSKI', 93011003593, 'M', '1993-01-10');
INSERT INTO "public".pracownicy(imie, nazwisko, pesel, plec, data_urodzenia ) VALUES ( 'ANNA', 'JAROSZ', 67041984885, 'K', '1967-04-19');
INSERT INTO "public".pracownicy(imie, nazwisko, pesel, plec, data_urodzenia ) VALUES ( 'BARTOSZ', 'WOLSKI', 68071183376, 'M', '1968-07-11');
INSERT INTO "public".pracownicy(imie, nazwisko, pesel, plec, data_urodzenia ) VALUES ( 'JULIA', 'WŁODARCZYK', 95120834765, 'K', '1995-12-08');
INSERT INTO "public".pracownicy(imie, nazwisko, pesel, plec, data_urodzenia ) VALUES ( 'RAFAŁ', 'NOWAK', 78082787074, 'M', '1978-08-27');
INSERT INTO "public".pracownicy(imie, nazwisko, pesel, plec, data_urodzenia ) VALUES ( 'GRAŻYNA', 'BORKOWSKA', 91042641067, 'K', '1991-04-26');
INSERT INTO "public".pracownicy(imie, nazwisko, pesel, plec, data_urodzenia ) VALUES ( 'WIKTORIA', 'SOKOŁOWSKA', 75102034361, 'K', '1975-10-20');
INSERT INTO "public".pracownicy(imie, nazwisko, pesel, plec, data_urodzenia ) VALUES ( 'ANDRZEJ', 'GÓRSKI', 89122677152, 'M', '1989-12-26');
INSERT INTO "public".pracownicy(imie, nazwisko, pesel, plec, data_urodzenia ) VALUES ( 'PIOTR', 'PIOTROWSKI', 77020319236, 'M', '1977-02-03');
INSERT INTO "public".pracownicy(imie, nazwisko, pesel, plec, data_urodzenia ) VALUES ( 'DANUTA', 'ANDRZEJEWSKA', 75061889705, 'K', '1975-06-18');
INSERT INTO "public".pracownicy(imie, nazwisko, pesel, plec, data_urodzenia ) VALUES ( 'SZYMON', 'KARPIŃSKI', 90120446712, 'M', '1990-12-04');
INSERT INTO "public".pracownicy(imie, nazwisko, pesel, plec, data_urodzenia ) VALUES ( 'MARIUSZ', 'SOWA', 71012471757, 'M', '1971-01-24');
INSERT INTO "public".pracownicy(imie, nazwisko, pesel, plec, data_urodzenia ) VALUES ( 'DANUTA', 'WESOŁOWSKA', 97030262885, 'K', '1997-03-02');
INSERT INTO "public".pracownicy(imie, nazwisko, pesel, plec, data_urodzenia ) VALUES ( 'ŁUKASZ', 'KWIATKOWSKI', 70121484157, 'M', '1970-12-14');
INSERT INTO "public".pracownicy(imie, nazwisko, pesel, plec, data_urodzenia ) VALUES ( 'PAULINA', 'NOWAKOWSKA', 73012578922, 'K', '1973-01-25');
INSERT INTO "public".pracownicy(imie, nazwisko, pesel, plec, data_urodzenia ) VALUES ( 'DOROTA', 'ZALEWSKA', 83040435962, 'K', '1983-04-04');
INSERT INTO "public".pracownicy(imie, nazwisko, pesel, plec, data_urodzenia ) VALUES ( 'KAROLINA', 'NOWACKA', 60122012767, 'K', '1960-12-20');
INSERT INTO "public".pracownicy(imie, nazwisko, pesel, plec, data_urodzenia ) VALUES ( 'KRZYSZTOF', 'NOWAKOWSKI', 94121862313, 'M', '1994-12-18');
INSERT INTO "public".pracownicy(imie, nazwisko, pesel, plec, data_urodzenia ) VALUES ( 'BOŻENA', 'TOMASZEWSKA', 73120828344, 'K', '1973-12-08');
INSERT INTO "public".pracownicy(imie, nazwisko, pesel, plec, data_urodzenia ) VALUES ( 'JANINA', 'KAŹMIERCZAK', 95102273425, 'K', '1995-10-22');
INSERT INTO "public".pracownicy(imie, nazwisko, pesel, plec, data_urodzenia ) VALUES ( 'SEBASTIAN', 'WILK', 91121259031, 'M', '1991-12-12');


INSERT INTO "public".historia_pracownicy( id_pracownika, data_rozpoczecia, data_zakonczenia, id_przelozonego, id_stanowiska ) VALUES ( 1, '2015-01-01', '2016-05-02', null, 1);
INSERT INTO "public".historia_pracownicy( id_pracownika, data_rozpoczecia, data_zakonczenia, id_przelozonego, id_stanowiska ) VALUES ( 2, '2015-01-01', '2016-05-02', 1, 2);
INSERT INTO "public".historia_pracownicy( id_pracownika, data_rozpoczecia, id_przelozonego, id_stanowiska ) VALUES ( 2, '2016-05-02', null, 1);
INSERT INTO "public".historia_pracownicy( id_pracownika, data_rozpoczecia, id_przelozonego, id_stanowiska ) VALUES ( 78, '2016-05-02', 2, 2);
INSERT INTO "public".historia_pracownicy( id_pracownika, data_rozpoczecia, id_przelozonego, id_stanowiska ) VALUES ( 3, '2015-01-01', 1, 3);--
INSERT INTO "public".historia_pracownicy( id_pracownika, data_rozpoczecia, id_przelozonego, id_stanowiska ) VALUES ( 4, '2015-01-01', 1, 3);
INSERT INTO "public".historia_pracownicy( id_pracownika, data_rozpoczecia, id_przelozonego, id_stanowiska ) VALUES ( 5, '2015-01-01', 1, 3);
INSERT INTO "public".historia_pracownicy( id_pracownika, data_rozpoczecia, id_przelozonego, id_stanowiska ) VALUES ( 6, '2015-01-01', 1, 3);
INSERT INTO "public".historia_pracownicy( id_pracownika, data_rozpoczecia, id_przelozonego, id_stanowiska ) VALUES ( 7, '2015-01-01', 3, 5);--
INSERT INTO "public".historia_pracownicy( id_pracownika, data_rozpoczecia, id_przelozonego, id_stanowiska ) VALUES ( 8, '2015-01-01', 3, 5);--
INSERT INTO "public".historia_pracownicy( id_pracownika, data_rozpoczecia, id_przelozonego, id_stanowiska ) VALUES ( 9, '2015-01-01', 3, 5);--
INSERT INTO "public".historia_pracownicy( id_pracownika, data_rozpoczecia, id_przelozonego, id_stanowiska ) VALUES ( 10, '2015-01-01', 3, 5);--
INSERT INTO "public".historia_pracownicy( id_pracownika, data_rozpoczecia, id_przelozonego, id_stanowiska ) VALUES ( 11, '2015-01-01', 3, 5);--
INSERT INTO "public".historia_pracownicy( id_pracownika, data_rozpoczecia, id_przelozonego, id_stanowiska ) VALUES ( 12, '2015-01-01', 4, 5);
INSERT INTO "public".historia_pracownicy( id_pracownika, data_rozpoczecia, id_przelozonego, id_stanowiska ) VALUES ( 13, '2015-01-01', 4, 5);
INSERT INTO "public".historia_pracownicy( id_pracownika, data_rozpoczecia, id_przelozonego, id_stanowiska ) VALUES ( 14, '2015-01-01', 4, 5);
INSERT INTO "public".historia_pracownicy( id_pracownika, data_rozpoczecia, id_przelozonego, id_stanowiska ) VALUES ( 15, '2015-01-01', 4, 5);
INSERT INTO "public".historia_pracownicy( id_pracownika, data_rozpoczecia, id_przelozonego, id_stanowiska ) VALUES ( 16, '2015-01-01', 4, 5);
INSERT INTO "public".historia_pracownicy( id_pracownika, data_rozpoczecia, id_przelozonego, id_stanowiska ) VALUES ( 17, '2015-01-01', 5, 5);
INSERT INTO "public".historia_pracownicy( id_pracownika, data_rozpoczecia, id_przelozonego, id_stanowiska ) VALUES ( 18, '2015-01-01', 5, 5);
INSERT INTO "public".historia_pracownicy( id_pracownika, data_rozpoczecia, id_przelozonego, id_stanowiska ) VALUES ( 19, '2015-01-01', 5, 5);
INSERT INTO "public".historia_pracownicy( id_pracownika, data_rozpoczecia, id_przelozonego, id_stanowiska ) VALUES ( 20, '2015-01-01', 5, 5);
INSERT INTO "public".historia_pracownicy( id_pracownika, data_rozpoczecia, id_przelozonego, id_stanowiska ) VALUES ( 21, '2015-01-01', 5, 5);
INSERT INTO "public".historia_pracownicy( id_pracownika, data_rozpoczecia, id_przelozonego, id_stanowiska ) VALUES ( 22, '2015-01-01', 6, 5);
INSERT INTO "public".historia_pracownicy( id_pracownika, data_rozpoczecia, id_przelozonego, id_stanowiska ) VALUES ( 23, '2015-01-01', 6, 5);
INSERT INTO "public".historia_pracownicy( id_pracownika, data_rozpoczecia, id_przelozonego, id_stanowiska ) VALUES ( 24, '2015-01-01', 6, 5);
INSERT INTO "public".historia_pracownicy( id_pracownika, data_rozpoczecia, id_przelozonego, id_stanowiska ) VALUES ( 25, '2015-01-01', 6, 5);
INSERT INTO "public".historia_pracownicy( id_pracownika, data_rozpoczecia, id_przelozonego, id_stanowiska ) VALUES ( 26, '2015-01-01', 6, 5);
INSERT INTO "public".historia_pracownicy( id_pracownika, data_rozpoczecia, id_przelozonego, id_stanowiska ) VALUES ( 27, '2015-01-01', 7, 6);
INSERT INTO "public".historia_pracownicy( id_pracownika, data_rozpoczecia, id_przelozonego, id_stanowiska ) VALUES ( 28, '2015-01-01', 7, 8);
INSERT INTO "public".historia_pracownicy( id_pracownika, data_rozpoczecia, id_przelozonego, id_stanowiska ) VALUES ( 29, '2015-01-01', 7, 8);
INSERT INTO "public".historia_pracownicy( id_pracownika, data_rozpoczecia, id_przelozonego, id_stanowiska ) VALUES ( 30, '2015-01-01', 7, 6);
INSERT INTO "public".historia_pracownicy( id_pracownika, data_rozpoczecia, id_przelozonego, id_stanowiska ) VALUES ( 31, '2015-01-01', 7, 6);
INSERT INTO "public".historia_pracownicy( id_pracownika, data_rozpoczecia, id_przelozonego, id_stanowiska ) VALUES ( 32, '2015-01-01', 12, 6);
INSERT INTO "public".historia_pracownicy( id_pracownika, data_rozpoczecia, id_przelozonego, id_stanowiska ) VALUES ( 33, '2015-01-01', 12, 7);
INSERT INTO "public".historia_pracownicy( id_pracownika, data_rozpoczecia, id_przelozonego, id_stanowiska ) VALUES ( 34, '2015-01-01', 12, 7);
INSERT INTO "public".historia_pracownicy( id_pracownika, data_rozpoczecia, id_przelozonego, id_stanowiska ) VALUES ( 35, '2015-01-01', 12, 7);
INSERT INTO "public".historia_pracownicy( id_pracownika, data_rozpoczecia, id_przelozonego, id_stanowiska ) VALUES ( 36, '2015-01-01', 17, 8);
INSERT INTO "public".historia_pracownicy( id_pracownika, data_rozpoczecia, id_przelozonego, id_stanowiska ) VALUES ( 37, '2015-01-01', 17, 6);
INSERT INTO "public".historia_pracownicy( id_pracownika, data_rozpoczecia, id_przelozonego, id_stanowiska ) VALUES ( 38, '2015-01-01', 17, 7);
INSERT INTO "public".historia_pracownicy( id_pracownika, data_rozpoczecia, id_przelozonego, id_stanowiska ) VALUES ( 39, '2015-01-01', 22, 6);
INSERT INTO "public".historia_pracownicy( id_pracownika, data_rozpoczecia, id_przelozonego, id_stanowiska ) VALUES ( 40, '2015-01-01', 22, 6);
INSERT INTO "public".historia_pracownicy( id_pracownika, data_rozpoczecia, id_przelozonego, id_stanowiska ) VALUES ( 41, '2015-01-01', 22, 6);
INSERT INTO "public".historia_pracownicy( id_pracownika, data_rozpoczecia, id_przelozonego, id_stanowiska ) VALUES ( 42, '2015-01-01', 22, 7);
INSERT INTO "public".historia_pracownicy( id_pracownika, data_rozpoczecia, id_przelozonego, id_stanowiska ) VALUES ( 43, '2015-01-01', 1, 9);
INSERT INTO "public".historia_pracownicy( id_pracownika, data_rozpoczecia, id_przelozonego, id_stanowiska ) VALUES ( 44, '2015-01-01', 43, 10);
INSERT INTO "public".historia_pracownicy( id_pracownika, data_rozpoczecia, id_przelozonego, id_stanowiska ) VALUES ( 45, '2015-01-01', 43, 10);
INSERT INTO "public".historia_pracownicy( id_pracownika, data_rozpoczecia, id_przelozonego, id_stanowiska ) VALUES ( 46, '2015-01-01', 43, 10);
INSERT INTO "public".historia_pracownicy( id_pracownika, data_rozpoczecia, id_przelozonego, id_stanowiska ) VALUES ( 47, '2015-01-01', 43, 10);
INSERT INTO "public".historia_pracownicy( id_pracownika, data_rozpoczecia, id_przelozonego, id_stanowiska ) VALUES ( 48, '2015-01-01', 7, 11);
INSERT INTO "public".historia_pracownicy( id_pracownika, data_rozpoczecia, id_przelozonego, id_stanowiska ) VALUES ( 49, '2015-01-01', 7, 11);
INSERT INTO "public".historia_pracownicy( id_pracownika, data_rozpoczecia, id_przelozonego, id_stanowiska ) VALUES ( 50, '2015-01-01', 8, 11);
INSERT INTO "public".historia_pracownicy( id_pracownika, data_rozpoczecia, id_przelozonego, id_stanowiska ) VALUES ( 51, '2015-01-01', 8, 11);
INSERT INTO "public".historia_pracownicy( id_pracownika, data_rozpoczecia, id_przelozonego, id_stanowiska ) VALUES ( 52, '2015-01-01', 9, 11);
INSERT INTO "public".historia_pracownicy( id_pracownika, data_rozpoczecia, id_przelozonego, id_stanowiska ) VALUES ( 53, '2015-01-01', 9, 11);
INSERT INTO "public".historia_pracownicy( id_pracownika, data_rozpoczecia, id_przelozonego, id_stanowiska ) VALUES ( 54, '2015-01-01', 10, 11);
INSERT INTO "public".historia_pracownicy( id_pracownika, data_rozpoczecia, id_przelozonego, id_stanowiska ) VALUES ( 55, '2015-01-01', 10, 11);
INSERT INTO "public".historia_pracownicy( id_pracownika, data_rozpoczecia, id_przelozonego, id_stanowiska ) VALUES ( 56, '2015-01-01', 11, 11);
INSERT INTO "public".historia_pracownicy( id_pracownika, data_rozpoczecia, id_przelozonego, id_stanowiska ) VALUES ( 57, '2015-01-01', 11, 11);
INSERT INTO "public".historia_pracownicy( id_pracownika, data_rozpoczecia, id_przelozonego, id_stanowiska ) VALUES ( 58, '2015-01-01', 48, 12);
INSERT INTO "public".historia_pracownicy( id_pracownika, data_rozpoczecia, id_przelozonego, id_stanowiska ) VALUES ( 59, '2015-01-01', 48, 12);
INSERT INTO "public".historia_pracownicy( id_pracownika, data_rozpoczecia, id_przelozonego, id_stanowiska ) VALUES ( 60, '2015-01-01', 49, 12);
INSERT INTO "public".historia_pracownicy( id_pracownika, data_rozpoczecia, id_przelozonego, id_stanowiska ) VALUES ( 61, '2015-01-01', 49, 12);
INSERT INTO "public".historia_pracownicy( id_pracownika, data_rozpoczecia, id_przelozonego, id_stanowiska ) VALUES ( 62, '2015-01-01', 50, 12);
INSERT INTO "public".historia_pracownicy( id_pracownika, data_rozpoczecia, id_przelozonego, id_stanowiska ) VALUES ( 63, '2015-01-01', 50, 12);
INSERT INTO "public".historia_pracownicy( id_pracownika, data_rozpoczecia, id_przelozonego, id_stanowiska ) VALUES ( 64, '2015-01-01', 51, 12);
INSERT INTO "public".historia_pracownicy( id_pracownika, data_rozpoczecia, id_przelozonego, id_stanowiska ) VALUES ( 65, '2015-01-01', 51, 12);
INSERT INTO "public".historia_pracownicy( id_pracownika, data_rozpoczecia, id_przelozonego, id_stanowiska ) VALUES ( 66, '2015-01-01', 52, 12);
INSERT INTO "public".historia_pracownicy( id_pracownika, data_rozpoczecia, id_przelozonego, id_stanowiska ) VALUES ( 67, '2015-01-01', 52, 12);
INSERT INTO "public".historia_pracownicy( id_pracownika, data_rozpoczecia, id_przelozonego, id_stanowiska ) VALUES ( 68, '2015-01-01', 53, 12);
INSERT INTO "public".historia_pracownicy( id_pracownika, data_rozpoczecia, id_przelozonego, id_stanowiska ) VALUES ( 69, '2015-01-01', 53, 12);
INSERT INTO "public".historia_pracownicy( id_pracownika, data_rozpoczecia, id_przelozonego, id_stanowiska ) VALUES ( 70, '2015-01-01', 54, 12);
INSERT INTO "public".historia_pracownicy( id_pracownika, data_rozpoczecia, id_przelozonego, id_stanowiska ) VALUES ( 71, '2015-01-01', 54, 12);
INSERT INTO "public".historia_pracownicy( id_pracownika, data_rozpoczecia, id_przelozonego, id_stanowiska ) VALUES ( 72, '2015-01-01', 55, 12);
INSERT INTO "public".historia_pracownicy( id_pracownika, data_rozpoczecia, id_przelozonego, id_stanowiska ) VALUES ( 73, '2015-01-01', 55, 12);
INSERT INTO "public".historia_pracownicy( id_pracownika, data_rozpoczecia, id_przelozonego, id_stanowiska ) VALUES ( 74, '2015-01-01', 56, 12);
INSERT INTO "public".historia_pracownicy( id_pracownika, data_rozpoczecia, id_przelozonego, id_stanowiska ) VALUES ( 75, '2015-01-01', 56, 12);
INSERT INTO "public".historia_pracownicy( id_pracownika, data_rozpoczecia, id_przelozonego, id_stanowiska ) VALUES ( 76, '2015-01-01', 57, 12);
INSERT INTO "public".historia_pracownicy( id_pracownika, data_rozpoczecia, id_przelozonego, id_stanowiska ) VALUES ( 77, '2015-01-01', 57, 12);


INSERT INTO "public".zespoly( id_zespolu, nazwa, blok, pietro ) VALUES ( 1, 'zespol pilnujacy A', 1, 1);
INSERT INTO "public".zespoly( id_zespolu, nazwa, blok, pietro ) VALUES ( 2, 'zespol pilnujacy B', 1, 1);
INSERT INTO "public".zespoly( id_zespolu, nazwa, blok, pietro ) VALUES ( 3, 'zespol pilnujacy C', 1, 1);
INSERT INTO "public".zespoly( id_zespolu, nazwa, blok, pietro ) VALUES ( 4, 'zespol pilnujacy D', 1, 1);
INSERT INTO "public".zespoly( id_zespolu, nazwa ) VALUES ( 5, 'rada ds. wiezniow' );
INSERT INTO "public".zespoly( id_zespolu, nazwa ) VALUES ( 6, 'administracja' );
INSERT INTO "public".zespoly( id_zespolu, nazwa ) VALUES ( 7, 'rada dyscyplinarna');

INSERT INTO "public".zmiany( id_zmiany, dzien_tygodnia, zmiana_start, zmiana_koniec ) VALUES ( 1, 'Monday', '00:00:00', '07:59:59');
INSERT INTO "public".zmiany( id_zmiany, dzien_tygodnia, zmiana_start, zmiana_koniec ) VALUES ( 2, 'Monday', '08:00:00', '15:59:59');
INSERT INTO "public".zmiany( id_zmiany, dzien_tygodnia, zmiana_start, zmiana_koniec ) VALUES ( 3, 'Monday', '16:00:00', '23:59:59');
INSERT INTO "public".zmiany( id_zmiany, dzien_tygodnia, zmiana_start, zmiana_koniec ) VALUES ( 4, 'Tuesday', '00:00:00', '07:59:59');
INSERT INTO "public".zmiany( id_zmiany, dzien_tygodnia, zmiana_start, zmiana_koniec ) VALUES ( 5, 'Tuesday', '08:00:00', '15:59:59');
INSERT INTO "public".zmiany( id_zmiany, dzien_tygodnia, zmiana_start, zmiana_koniec ) VALUES ( 6, 'Tuesday', '16:00:00', '23:59:59');
INSERT INTO "public".zmiany( id_zmiany, dzien_tygodnia, zmiana_start, zmiana_koniec ) VALUES ( 7, 'Wednesday', '00:00:00', '07:59:59');
INSERT INTO "public".zmiany( id_zmiany, dzien_tygodnia, zmiana_start, zmiana_koniec ) VALUES ( 8, 'Wednesday', '08:00:00', '15:59:59');
INSERT INTO "public".zmiany( id_zmiany, dzien_tygodnia, zmiana_start, zmiana_koniec ) VALUES ( 9, 'Wednesday', '16:00:00', '23:59:59');
INSERT INTO "public".zmiany( id_zmiany, dzien_tygodnia, zmiana_start, zmiana_koniec ) VALUES ( 10, 'Thursday', '00:00:00', '07:59:59');
INSERT INTO "public".zmiany( id_zmiany, dzien_tygodnia, zmiana_start, zmiana_koniec ) VALUES ( 11, 'Thursday', '08:00:00', '15:59:59');
INSERT INTO "public".zmiany( id_zmiany, dzien_tygodnia, zmiana_start, zmiana_koniec ) VALUES ( 12, 'Thursday', '16:00:00', '23:59:59');
INSERT INTO "public".zmiany( id_zmiany, dzien_tygodnia, zmiana_start, zmiana_koniec ) VALUES ( 13, 'Friday', '00:00:00', '07:59:59');
INSERT INTO "public".zmiany( id_zmiany, dzien_tygodnia, zmiana_start, zmiana_koniec ) VALUES ( 14, 'Friday', '08:00:00', '15:59:59');
INSERT INTO "public".zmiany( id_zmiany, dzien_tygodnia, zmiana_start, zmiana_koniec ) VALUES ( 15, 'Friday', '16:00:00', '23:59:59');
INSERT INTO "public".zmiany( id_zmiany, dzien_tygodnia, zmiana_start, zmiana_koniec ) VALUES ( 16, 'Saturday', '00:00:00', '07:59:59');
INSERT INTO "public".zmiany( id_zmiany, dzien_tygodnia, zmiana_start, zmiana_koniec ) VALUES ( 17, 'Saturday', '08:00:00', '15:59:59');
INSERT INTO "public".zmiany( id_zmiany, dzien_tygodnia, zmiana_start, zmiana_koniec ) VALUES ( 18, 'Saturday', '16:00:00', '23:59:59');
INSERT INTO "public".zmiany( id_zmiany, dzien_tygodnia, zmiana_start, zmiana_koniec ) VALUES ( 19, 'Sunday', '00:00:00', '07:59:59');
INSERT INTO "public".zmiany( id_zmiany, dzien_tygodnia, zmiana_start, zmiana_koniec ) VALUES ( 20, 'Sunday', '08:00:00', '15:59:59');
INSERT INTO "public".zmiany( id_zmiany, dzien_tygodnia, zmiana_start, zmiana_koniec ) VALUES ( 21, 'Sunday', '16:00:00', '23:59:59');



INSERT INTO "public".pracownicy_zespoly( id_pracownika, id_zespolu, data_rozpoczecia, data_zakonczenia ) VALUES ( 3,1, '2015-01-01', '2015-03-15');
INSERT INTO "public".pracownicy_zespoly( id_pracownika, id_zespolu, data_rozpoczecia, data_zakonczenia ) VALUES ( 3,2, '2015-01-01', '2015-03-15');
INSERT INTO "public".pracownicy_zespoly( id_pracownika, id_zespolu, data_rozpoczecia ) VALUES ( 4,1, '2015-01-01');
INSERT INTO "public".pracownicy_zespoly( id_pracownika, id_zespolu, data_rozpoczecia ) VALUES ( 5,1, '2015-01-01');
INSERT INTO "public".pracownicy_zespoly( id_pracownika, id_zespolu, data_rozpoczecia ) VALUES ( 6,1, '2015-01-01');
INSERT INTO "public".pracownicy_zespoly( id_pracownika, id_zespolu, data_rozpoczecia ) VALUES ( 7,2, '2015-01-01');
INSERT INTO "public".pracownicy_zespoly( id_pracownika, id_zespolu, data_rozpoczecia ) VALUES ( 8,2, '2015-01-01');
INSERT INTO "public".pracownicy_zespoly( id_pracownika, id_zespolu, data_rozpoczecia ) VALUES ( 9,2, '2015-01-01');
INSERT INTO "public".pracownicy_zespoly( id_pracownika, id_zespolu, data_rozpoczecia ) VALUES ( 3,7, '2015-01-01');
INSERT INTO "public".pracownicy_zespoly( id_pracownika, id_zespolu, data_rozpoczecia ) VALUES ( 3,5, '2015-01-01');


INSERT INTO "public".sprawowanie(typ, id_wieznia, data_uzyskania, opis, waga ) VALUES ( 'D', 2, '2022-03-05', 'wykonanie pracy społecznej- Sprzatanie spacerniaka', 3);
INSERT INTO "public".sprawowanie(typ, id_wieznia, data_uzyskania, opis, waga ) VALUES ( 'N', 2, current_date, 'udział w bujce', -4);
INSERT INTO "public".sprawowanie(typ, id_wieznia, data_uzyskania, opis, waga ) VALUES ( 'D', 3, current_date, 'wykonanie pracy społecznej- Sprzatanie spacerniaka', 3);
INSERT INTO "public".sprawowanie(typ, id_wieznia, data_uzyskania, opis, waga ) VALUES ( 'N', 4, current_date, 'udział w bujce', -4);
INSERT INTO "public".sprawowanie(typ, id_wieznia, data_uzyskania, opis, waga ) VALUES ( 'N', 6, current_date, 'udział w bujce', -4);
INSERT INTO "public".sprawowanie(typ, id_wieznia, data_uzyskania, opis, waga ) VALUES ( 'N', 9, current_date, 'udział w bujce', -4);
INSERT INTO "public".sprawowanie(typ, id_wieznia, data_uzyskania, opis, waga ) VALUES ( 'N', 8, current_date, 'udział w bujce', -5);
INSERT INTO "public".sprawowanie(typ, id_wieznia, data_uzyskania, opis, waga ) VALUES ( 'N', 10, current_date, 'udział w bujce', -4);



INSERT INTO "public".wiezniowie_prace(id_wieznia, id_pracy, id_zmiany ) VALUES ( 3, 1, 1);
INSERT INTO "public".wiezniowie_prace(id_wieznia, id_pracy, id_zmiany ) VALUES ( 4, 4, 3);
INSERT INTO "public".wiezniowie_prace(id_wieznia, id_pracy, id_zmiany ) VALUES ( 4, 2, 1);
INSERT INTO "public".wiezniowie_prace(id_wieznia, id_pracy, id_zmiany ) VALUES ( 2, 3, 1);
INSERT INTO "public".wiezniowie_prace(id_wieznia, id_pracy, id_zmiany ) VALUES ( 6, 1, 1);
INSERT INTO "public".wiezniowie_prace(id_wieznia, id_pracy, id_zmiany ) VALUES ( 10, 1, 1);













